2026-08-18 08:31:07.048 [] WARN  com.zaxxer.hikari.pool.HikariPool - HikariPool-1 - Thread starvation or clock leap detected (housekeeper delta=8h12m22s132ms184µs900ns).
2026-08-18 09:02:53.668 [] WARN  com.zaxxer.hikari.pool.HikariPool - HikariPool-1 - Thread starvation or clock leap detected (housekeeper delta=28m43s498ms976µs900ns).
2026-08-18 11:50:45.992 [] WARN  com.zaxxer.hikari.pool.HikariPool - HikariPool-1 - Thread starvation or clock leap detected (housekeeper delta=2h47m52s324ms315µs400ns).
2026-08-18 12:36:29.796 [] WARN  com.zaxxer.hikari.pool.HikariPool - HikariPool-1 - Thread starvation or clock leap detected (housekeeper delta=6m13s374ms780µs900ns).
2026-08-18 13:29:33.805 [] WARN  com.zaxxer.hikari.pool.HikariPool - HikariPool-1 - Thread starvation or clock leap detected (housekeeper delta=53m4s11ms655µs900ns).
2026-08-18 13:34:43.481 [] INFO  o.s.b.d.a.LocalDevToolsAutoConfiguration$RestartingClassPathChangeChangedEventListener - Restarting due to 25 class path changes (0 additions, 25 deletions, 0 modifications)
2026-08-18 13:34:43.613 [] INFO  o.s.boot.tomcat.GracefulShutdown - Commencing graceful shutdown. Waiting for active requests to complete
2026-08-18 13:34:43.709 [] INFO  o.s.boot.tomcat.GracefulShutdown - Graceful shutdown complete
2026-08-18 13:34:43.777 [] INFO  o.s.o.j.LocalContainerEntityManagerFactoryBean - Closing JPA EntityManagerFactory for persistence unit 'default'
2026-08-18 13:34:43.836 [] INFO  com.zaxxer.hikari.HikariDataSource - HikariPool-1 - Shutdown initiated...
2026-08-18 13:34:43.892 [] INFO  com.zaxxer.hikari.HikariDataSource - HikariPool-1 - Shutdown completed.
2026-08-18 13:34:44.347 [] INFO  p.e.u.b.BomerpBackendApplication - Starting BomerpBackendApplication using Java 21.0.12 with PID 34232 (E:\Cursos_Ciclo_4\Lenguaje de Programación II\bomERP\lp2\bomerp-backend\target\classes started by Paul in E:\Cursos_Ciclo_4\Lenguaje de Programación II\bomERP\lp2\bomerp-backend)
2026-08-18 13:34:44.348 [] DEBUG p.e.u.b.BomerpBackendApplication - Running with Spring Boot v4.0.7, Spring v7.0.8
2026-08-18 13:34:44.348 [] INFO  p.e.u.b.BomerpBackendApplication - The following 1 profile is active: "dev"
2026-08-18 13:34:44.988 [] INFO  o.s.d.r.c.RepositoryConfigurationDelegate - Bootstrapping Spring Data JPA repositories in DEFAULT mode.
2026-08-18 13:34:45.021 [] INFO  o.s.d.r.c.RepositoryConfigurationDelegate - Finished Spring Data repository scanning in 30 ms. Found 2 JPA repository interfaces.
2026-08-18 13:34:45.368 [] INFO  o.s.boot.tomcat.TomcatWebServer - Tomcat initialized with port 8080 (http)
2026-08-18 13:34:45.371 [] INFO  o.a.catalina.core.StandardService - Starting service [Tomcat]
2026-08-18 13:34:45.371 [] INFO  o.a.catalina.core.StandardEngine - Starting Servlet engine: [Apache Tomcat/11.0.22]
2026-08-18 13:34:45.424 [] INFO  o.s.b.w.c.s.WebApplicationContextInitializer - Root WebApplicationContext: initialization completed in 1068 ms
2026-08-18 13:34:45.505 [] DEBUG p.e.u.b.filter.CorrelationIdFilter - Filter 'correlationIdFilter' configured for use
2026-08-18 13:34:45.639 [] INFO  c.tngtech.archunit.core.PluginLoader - Detected Java version 21.0.12
2026-08-18 13:34:47.361 [] INFO  org.hibernate.orm.jpa - HHH008540: Processing PersistenceUnitInfo [name: default]
2026-08-18 13:34:47.419 [] INFO  o.s.o.j.p.SpringPersistenceUnitInfo - No LoadTimeWeaver setup: ignoring JPA class transformer
2026-08-18 13:34:47.422 [] INFO  com.zaxxer.hikari.HikariDataSource - HikariPool-2 - Starting...
2026-08-18 13:34:47.524 [] INFO  com.zaxxer.hikari.pool.HikariPool - HikariPool-2 - Added connection oracle.jdbc.driver.T4CConnection@2905b0f3
2026-08-18 13:34:47.524 [] INFO  com.zaxxer.hikari.HikariDataSource - HikariPool-2 - Start completed.
2026-08-18 13:34:47.626 [] WARN  org.hibernate.orm.jdbc - HHH100123: Low default JDBC fetch size: 10 (consider setting 'hibernate.jdbc.fetch_size')
2026-08-18 13:34:47.626 [] INFO  o.hibernate.orm.connections.pooling - HHH10001005: Database info:
	Database JDBC URL [jdbc:oracle:thin:@localhost:1521/FREEPDB1]
	Database driver: Oracle JDBC driver
	Database dialect: OracleDialect
	Database version: 23.26.2
	Default catalog/schema: undefined/BOMERP_APP
	Autocommit mode: undefined/unknown
	Isolation level: READ_COMMITTED [default READ_COMMITTED]
	JDBC fetch size: 10
	Pool: DataSourceConnectionProvider
	Minimum pool size: undefined/unknown
	Maximum pool size: undefined/unknown
2026-08-18 13:34:47.743 [] INFO  org.hibernate.orm.core - HHH000489: No JTA platform available (set 'hibernate.transaction.jta.platform' to enable JTA platform integration)
2026-08-18 13:34:48.775 [] INFO  o.s.o.j.LocalContainerEntityManagerFactoryBean - Initialized JPA EntityManagerFactory for persistence unit 'default'
2026-08-18 13:34:49.311 [] INFO  o.s.b.d.a.OptionalLiveReloadServer - LiveReload server is running on port 35729
2026-08-18 13:34:49.361 [] INFO  o.s.b.a.e.web.EndpointLinksResolver - Exposing 3 endpoints beneath base path '/actuator'
2026-08-18 13:34:49.394 [] INFO  o.s.boot.tomcat.TomcatWebServer - Tomcat started on port 8080 (http) with context path '/'
2026-08-18 13:34:49.400 [] INFO  o.s.s.config.TaskSchedulerRouter - No TaskScheduler/ScheduledExecutorService bean found for scheduled processing
2026-08-18 13:34:49.403 [] INFO  p.e.u.b.BomerpBackendApplication - Started BomerpBackendApplication in 5.165 seconds (process running for 49868.65)
2026-08-18 13:34:49.405 [] WARN  o.s.c.events.SpringDocAppInitializer - SpringDoc /v3/api-docs endpoint is enabled by default. To disable it in production, set the property 'springdoc.api-docs.enabled=false'
2026-08-18 13:34:49.406 [] WARN  o.s.c.events.SpringDocAppInitializer - SpringDoc /swagger-ui.html endpoint is enabled by default. To disable it in production, set the property 'springdoc.swagger-ui.enabled=false'
2026-08-18 13:34:49.408 [] INFO  o.s.b.d.a.ConditionEvaluationDeltaLoggingListener - Condition evaluation unchanged
2026-08-18 13:34:50.755 [] INFO  o.s.b.d.a.LocalDevToolsAutoConfiguration$RestartingClassPathChangeChangedEventListener - Restarting due to 24 class path changes (24 additions, 0 deletions, 0 modifications)
2026-08-18 13:34:50.758 [] INFO  o.s.boot.tomcat.GracefulShutdown - Commencing graceful shutdown. Waiting for active requests to complete
2026-08-18 13:34:50.767 [] INFO  o.s.boot.tomcat.GracefulShutdown - Graceful shutdown complete
2026-08-18 13:34:50.772 [] INFO  o.s.o.j.LocalContainerEntityManagerFactoryBean - Closing JPA EntityManagerFactory for persistence unit 'default'
2026-08-18 13:34:50.774 [] INFO  com.zaxxer.hikari.HikariDataSource - HikariPool-2 - Shutdown initiated...
2026-08-18 13:34:50.806 [] INFO  com.zaxxer.hikari.HikariDataSource - HikariPool-2 - Shutdown completed.
2026-08-18 13:34:50.955 [] INFO  p.e.u.b.BomerpBackendApplication - Starting BomerpBackendApplication using Java 21.0.12 with PID 34232 (E:\Cursos_Ciclo_4\Lenguaje de Programación II\bomERP\lp2\bomerp-backend\target\classes started by Paul in E:\Cursos_Ciclo_4\Lenguaje de Programación II\bomERP\lp2\bomerp-backend)
2026-08-18 13:34:50.955 [] DEBUG p.e.u.b.BomerpBackendApplication - Running with Spring Boot v4.0.7, Spring v7.0.8
2026-08-18 13:34:50.955 [] INFO  p.e.u.b.BomerpBackendApplication - The following 1 profile is active: "dev"
2026-08-18 13:34:51.379 [] INFO  o.s.d.r.c.RepositoryConfigurationDelegate - Bootstrapping Spring Data JPA repositories in DEFAULT mode.
2026-08-18 13:34:51.408 [] INFO  o.s.d.r.c.RepositoryConfigurationDelegate - Finished Spring Data repository scanning in 25 ms. Found 2 JPA repository interfaces.
2026-08-18 13:34:51.603 [] INFO  o.s.boot.tomcat.TomcatWebServer - Tomcat initialized with port 8080 (http)
2026-08-18 13:34:51.605 [] INFO  o.a.catalina.core.StandardService - Starting service [Tomcat]
2026-08-18 13:34:51.605 [] INFO  o.a.catalina.core.StandardEngine - Starting Servlet engine: [Apache Tomcat/11.0.22]
2026-08-18 13:34:51.647 [] INFO  o.s.b.w.c.s.WebApplicationContextInitializer - Root WebApplicationContext: initialization completed in 690 ms
2026-08-18 13:34:51.705 [] DEBUG p.e.u.b.filter.CorrelationIdFilter - Filter 'correlationIdFilter' configured for use
2026-08-18 13:34:52.251 [] INFO  org.hibernate.orm.jpa - HHH008540: Processing PersistenceUnitInfo [name: default]
2026-08-18 13:34:52.287 [] INFO  o.s.o.j.p.SpringPersistenceUnitInfo - No LoadTimeWeaver setup: ignoring JPA class transformer
2026-08-18 13:34:52.288 [] INFO  com.zaxxer.hikari.HikariDataSource - HikariPool-3 - Starting...
2026-08-18 13:34:52.359 [] INFO  com.zaxxer.hikari.pool.HikariPool - HikariPool-3 - Added connection oracle.jdbc.driver.T4CConnection@45d53098
2026-08-18 13:34:52.360 [] INFO  com.zaxxer.hikari.HikariDataSource - HikariPool-3 - Start completed.
2026-08-18 13:34:52.374 [] WARN  org.hibernate.orm.jdbc - HHH100123: Low default JDBC fetch size: 10 (consider setting 'hibernate.jdbc.fetch_size')
2026-08-18 13:34:52.374 [] INFO  o.hibernate.orm.connections.pooling - HHH10001005: Database info:
	Database JDBC URL [jdbc:oracle:thin:@localhost:1521/FREEPDB1]
	Database driver: Oracle JDBC driver
	Database dialect: OracleDialect
	Database version: 23.26.2
	Default catalog/schema: undefined/BOMERP_APP
	Autocommit mode: undefined/unknown
	Isolation level: READ_COMMITTED [default READ_COMMITTED]
	JDBC fetch size: 10
	Pool: DataSourceConnectionProvider
	Minimum pool size: undefined/unknown
	Maximum pool size: undefined/unknown
2026-08-18 13:34:52.440 [] INFO  org.hibernate.orm.core - HHH000489: No JTA platform available (set 'hibernate.transaction.jta.platform' to enable JTA platform integration)
2026-08-18 13:34:52.538 [] INFO  o.s.o.j.LocalContainerEntityManagerFactoryBean - Initialized JPA EntityManagerFactory for persistence unit 'default'
2026-08-18 13:34:52.900 [] INFO  o.s.b.d.a.OptionalLiveReloadServer - LiveReload server is running on port 35729
2026-08-18 13:34:52.936 [] INFO  o.s.b.a.e.web.EndpointLinksResolver - Exposing 3 endpoints beneath base path '/actuator'
2026-08-18 13:34:52.973 [] INFO  o.s.boot.tomcat.TomcatWebServer - Tomcat started on port 8080 (http) with context path '/'
2026-08-18 13:34:52.976 [] INFO  o.s.s.config.TaskSchedulerRouter - No TaskScheduler/ScheduledExecutorService bean found for scheduled processing
2026-08-18 13:34:52.979 [] INFO  p.e.u.b.BomerpBackendApplication - Started BomerpBackendApplication in 2.08 seconds (process running for 49872.226)
2026-08-18 13:34:52.981 [] WARN  o.s.c.events.SpringDocAppInitializer - SpringDoc /v3/api-docs endpoint is enabled by default. To disable it in production, set the property 'springdoc.api-docs.enabled=false'
2026-08-18 13:34:52.982 [] WARN  o.s.c.events.SpringDocAppInitializer - SpringDoc /swagger-ui.html endpoint is enabled by default. To disable it in production, set the property 'springdoc.swagger-ui.enabled=false'
2026-08-18 13:34:52.983 [] INFO  o.s.b.d.a.ConditionEvaluationDeltaLoggingListener - Condition evaluation unchanged
2026-08-18 13:46:46.333 [] WARN  com.zaxxer.hikari.pool.HikariPool - HikariPool-3 - Thread starvation or clock leap detected (housekeeper delta=10m53s855ms866µs200ns).
2026-08-18 15:00:58.681 [] WARN  com.zaxxer.hikari.pool.HikariPool - HikariPool-3 - Thread starvation or clock leap detected (housekeeper delta=1h14m12s347ms411µs200ns).
2026-08-18 15:08:26.197 [] WARN  com.zaxxer.hikari.pool.HikariPool - HikariPool-3 - Thread starvation or clock leap detected (housekeeper delta=3m27s456ms868µs700ns).
2026-08-18 15:24:28.971 [] INFO  o.a.c.c.C.[Tomcat].[localhost].[/] - Initializing Spring DispatcherServlet 'dispatcherServlet'
2026-08-18 15:24:28.972 [] INFO  o.s.web.servlet.DispatcherServlet - Initializing Servlet 'dispatcherServlet'
2026-08-18 15:24:28.975 [] INFO  o.s.web.servlet.DispatcherServlet - Completed initialization in 3 ms
2026-08-18 15:31:02.481 [] INFO  p.e.u.b.BomerpBackendApplication - Starting BomerpBackendApplication using Java 21.0.12 with PID 30684 (E:\Cursos_Ciclo_4\Lenguaje de Programación II\bomERP\lp2\bomerp-backend\target\classes started by Paul in E:\Cursos_Ciclo_4\Lenguaje de Programación II\bomERP\lp2\bomerp-backend)
2026-08-18 15:31:02.484 [] DEBUG p.e.u.b.BomerpBackendApplication - Running with Spring Boot v4.0.7, Spring v7.0.8
2026-08-18 15:31:02.484 [] INFO  p.e.u.b.BomerpBackendApplication - The following 1 profile is active: "dev"
2026-08-18 15:31:02.522 [] INFO  o.s.b.d.restart.ChangeableUrls - The Class-Path manifest attribute in C:\Users\Paul\.m2\repository\com\oracle\database\jdbc\ojdbc11\23.9.0.25.07\ojdbc11-23.9.0.25.07.jar referenced one or more files that do not exist: file:/C:/Users/Paul/.m2/repository/com/oracle/database/jdbc/ojdbc11/23.9.0.25.07/oraclepki.jar
2026-08-18 15:31:02.522 [] INFO  o.s.b.d.e.DevToolsPropertyDefaultsPostProcessor - Devtools property defaults active! Set 'spring.devtools.add-properties' to 'false' to disable
2026-08-18 15:31:02.523 [] INFO  o.s.b.d.e.DevToolsPropertyDefaultsPostProcessor - For additional web related logging consider setting the 'logging.level.web' property to 'DEBUG'
2026-08-18 15:31:03.266 [] INFO  o.s.d.r.c.RepositoryConfigurationDelegate - Bootstrapping Spring Data JPA repositories in DEFAULT mode.
2026-08-18 15:31:03.325 [] INFO  o.s.d.r.c.RepositoryConfigurationDelegate - Finished Spring Data repository scanning in 47 ms. Found 2 JPA repository interfaces.
2026-08-18 15:31:03.880 [] INFO  o.s.boot.tomcat.TomcatWebServer - Tomcat initialized with port 8080 (http)
2026-08-18 15:31:03.895 [] INFO  o.a.catalina.core.StandardService - Starting service [Tomcat]
2026-08-18 15:31:03.895 [] INFO  o.a.catalina.core.StandardEngine - Starting Servlet engine: [Apache Tomcat/11.0.22]
2026-08-18 15:31:03.940 [] INFO  o.s.b.w.c.s.WebApplicationContextInitializer - Root WebApplicationContext: initialization completed in 1416 ms
2026-08-18 15:31:04.037 [] DEBUG p.e.u.b.filter.CorrelationIdFilter - Filter 'correlationIdFilter' configured for use
2026-08-18 15:31:04.109 [] INFO  c.tngtech.archunit.core.PluginLoader - Detected Java version 21.0.12
2026-08-18 15:31:05.180 [] INFO  org.hibernate.orm.jpa - HHH008540: Processing PersistenceUnitInfo [name: default]
2026-08-18 15:31:05.245 [] INFO  org.hibernate.orm.core - HHH000001: Hibernate ORM core version 7.2.19.Final
2026-08-18 15:31:05.627 [] INFO  o.s.o.j.p.SpringPersistenceUnitInfo - No LoadTimeWeaver setup: ignoring JPA class transformer
2026-08-18 15:31:05.658 [] INFO  com.zaxxer.hikari.HikariDataSource - HikariPool-1 - Starting...
2026-08-18 15:31:05.993 [] INFO  com.zaxxer.hikari.pool.HikariPool - HikariPool-1 - Added connection oracle.jdbc.driver.T4CConnection@61199ebc
2026-08-18 15:31:05.994 [] INFO  com.zaxxer.hikari.HikariDataSource - HikariPool-1 - Start completed.
2026-08-18 15:31:06.221 [] WARN  org.hibernate.orm.jdbc - HHH100123: Low default JDBC fetch size: 10 (consider setting 'hibernate.jdbc.fetch_size')
2026-08-18 15:31:06.228 [] INFO  o.hibernate.orm.connections.pooling - HHH10001005: Database info:
	Database JDBC URL [jdbc:oracle:thin:@localhost:1521/FREEPDB1]
	Database driver: Oracle JDBC driver
	Database dialect: OracleDialect
	Database version: 23.26.2
	Default catalog/schema: undefined/BOMERP_APP
	Autocommit mode: undefined/unknown
	Isolation level: READ_COMMITTED [default READ_COMMITTED]
	JDBC fetch size: 10
	Pool: DataSourceConnectionProvider
	Minimum pool size: undefined/unknown
	Maximum pool size: undefined/unknown
2026-08-18 15:31:07.008 [] INFO  org.hibernate.orm.core - HHH000489: No JTA platform available (set 'hibernate.transaction.jta.platform' to enable JTA platform integration)
2026-08-18 15:31:07.392 [] INFO  o.s.o.j.LocalContainerEntityManagerFactoryBean - Initialized JPA EntityManagerFactory for persistence unit 'default'
2026-08-18 15:31:07.460 [] INFO  o.s.d.j.r.q.QueryEnhancerFactories - Hibernate is in classpath; If applicable, HQL parser will be used.
2026-08-18 15:31:08.026 [] WARN  o.s.b.d.a.OptionalLiveReloadServer - Unable to start LiveReload server
2026-08-18 15:31:08.084 [] INFO  o.s.b.a.e.web.EndpointLinksResolver - Exposing 3 endpoints beneath base path '/actuator'
2026-08-18 15:31:08.130 [] WARN  o.s.b.w.s.s.c.AnnotationConfigServletWebServerApplicationContext - Exception encountered during context initialization - cancelling refresh attempt: org.springframework.context.ApplicationContextException: Failed to start bean 'webServerStartStop'
2026-08-18 15:31:08.133 [] INFO  o.s.o.j.LocalContainerEntityManagerFactoryBean - Closing JPA EntityManagerFactory for persistence unit 'default'
2026-08-18 15:31:08.135 [] INFO  com.zaxxer.hikari.HikariDataSource - HikariPool-1 - Shutdown initiated...
2026-08-18 15:31:08.166 [] INFO  com.zaxxer.hikari.HikariDataSource - HikariPool-1 - Shutdown completed.
2026-08-18 15:31:08.182 [] INFO  o.s.b.a.l.ConditionEvaluationReportLogger - 

Error starting ApplicationContext. To display the condition evaluation report re-run your application with 'debug' enabled.
2026-08-18 15:31:08.198 [] ERROR o.s.b.d.LoggingFailureAnalysisReporter - 

***************************
APPLICATION FAILED TO START
***************************

Description:

Web server failed to start. Port 8080 was already in use.

Action:

Identify and stop the process that's listening on port 8080 or configure this application to listen on another port.

2026-08-18 16:13:18.713 [] INFO  o.s.b.d.a.LocalDevToolsAutoConfiguration$RestartingClassPathChangeChangedEventListener - Restarting due to 24 class path changes (0 additions, 24 deletions, 0 modifications)
2026-08-18 16:13:18.733 [] INFO  o.s.boot.tomcat.GracefulShutdown - Commencing graceful shutdown. Waiting for active requests to complete
2026-08-18 16:13:18.749 [] INFO  o.s.boot.tomcat.GracefulShutdown - Graceful shutdown complete
2026-08-18 16:13:18.770 [] INFO  o.s.o.j.LocalContainerEntityManagerFactoryBean - Closing JPA EntityManagerFactory for persistence unit 'default'
2026-08-18 16:13:18.779 [] INFO  com.zaxxer.hikari.HikariDataSource - HikariPool-3 - Shutdown initiated...
2026-08-18 16:13:18.850 [] INFO  com.zaxxer.hikari.HikariDataSource - HikariPool-3 - Shutdown completed.
2026-08-18 16:13:23.498 [] INFO  p.e.u.b.BomerpBackendApplication - Starting BomerpBackendApplication using Java 21.0.12 with PID 34232 (E:\Cursos_Ciclo_4\Lenguaje de Programación II\bomERP\lp2\bomerp-backend\target\classes started by Paul in E:\Cursos_Ciclo_4\Lenguaje de Programación II\bomERP\lp2\bomerp-backend)
2026-08-18 16:13:23.499 [] DEBUG p.e.u.b.BomerpBackendApplication - Running with Spring Boot v4.0.7, Spring v7.0.8
2026-08-18 16:13:23.499 [] INFO  p.e.u.b.BomerpBackendApplication - The following 1 profile is active: "dev"
2026-08-18 16:13:23.777 [] INFO  o.s.d.r.c.RepositoryConfigurationDelegate - Bootstrapping Spring Data JPA repositories in DEFAULT mode.
2026-08-18 16:13:23.800 [] INFO  o.s.d.r.c.RepositoryConfigurationDelegate - Finished Spring Data repository scanning in 20 ms. Found 2 JPA repository interfaces.
2026-08-18 16:13:23.944 [] INFO  o.s.boot.tomcat.TomcatWebServer - Tomcat initialized with port 8080 (http)
2026-08-18 16:13:23.946 [] INFO  o.a.catalina.core.StandardService - Starting service [Tomcat]
2026-08-18 16:13:23.946 [] INFO  o.a.catalina.core.StandardEngine - Starting Servlet engine: [Apache Tomcat/11.0.22]
2026-08-18 16:13:23.974 [] INFO  o.s.b.w.c.s.WebApplicationContextInitializer - Root WebApplicationContext: initialization completed in 473 ms
2026-08-18 16:13:24.010 [] DEBUG p.e.u.b.filter.CorrelationIdFilter - Filter 'correlationIdFilter' configured for use
2026-08-18 16:13:24.361 [] INFO  org.hibernate.orm.jpa - HHH008540: Processing PersistenceUnitInfo [name: default]
2026-08-18 16:13:24.383 [] INFO  o.s.o.j.p.SpringPersistenceUnitInfo - No LoadTimeWeaver setup: ignoring JPA class transformer
2026-08-18 16:13:24.384 [] INFO  com.zaxxer.hikari.HikariDataSource - HikariPool-5 - Starting...
2026-08-18 16:13:24.452 [] INFO  com.zaxxer.hikari.pool.HikariPool - HikariPool-5 - Added connection oracle.jdbc.driver.T4CConnection@16b9ae59
2026-08-18 16:13:24.453 [] INFO  com.zaxxer.hikari.HikariDataSource - HikariPool-5 - Start completed.
2026-08-18 16:13:24.469 [] WARN  org.hibernate.orm.jdbc - HHH100123: Low default JDBC fetch size: 10 (consider setting 'hibernate.jdbc.fetch_size')
2026-08-18 16:13:24.470 [] INFO  o.hibernate.orm.connections.pooling - HHH10001005: Database info:
	Database JDBC URL [jdbc:oracle:thin:@localhost:1521/FREEPDB1]
	Database driver: Oracle JDBC driver
	Database dialect: OracleDialect
	Database version: 23.26.2
	Default catalog/schema: undefined/BOMERP_APP
	Autocommit mode: undefined/unknown
	Isolation level: READ_COMMITTED [default READ_COMMITTED]
	JDBC fetch size: 10
	Pool: DataSourceConnectionProvider
	Minimum pool size: undefined/unknown
	Maximum pool size: undefined/unknown
2026-08-18 16:13:24.527 [] INFO  org.hibernate.orm.core - HHH000489: No JTA platform available (set 'hibernate.transaction.jta.platform' to enable JTA platform integration)
2026-08-18 16:13:24.715 [] INFO  o.s.o.j.LocalContainerEntityManagerFactoryBean - Initialized JPA EntityManagerFactory for persistence unit 'default'
2026-08-18 16:13:24.994 [] INFO  o.s.b.d.a.OptionalLiveReloadServer - LiveReload server is running on port 35729
2026-08-18 16:13:25.021 [] INFO  o.s.b.a.e.web.EndpointLinksResolver - Exposing 3 endpoints beneath base path '/actuator'
2026-08-18 16:13:25.043 [] INFO  o.s.boot.tomcat.TomcatWebServer - Tomcat started on port 8080 (http) with context path '/'
2026-08-18 16:13:25.046 [] INFO  o.s.s.config.TaskSchedulerRouter - No TaskScheduler/ScheduledExecutorService bean found for scheduled processing
2026-08-18 16:13:25.048 [] INFO  p.e.u.b.BomerpBackendApplication - Started BomerpBackendApplication in 1.593 seconds (process running for 59384.295)
2026-08-18 16:13:25.050 [] WARN  o.s.c.events.SpringDocAppInitializer - SpringDoc /v3/api-docs endpoint is enabled by default. To disable it in production, set the property 'springdoc.api-docs.enabled=false'
2026-08-18 16:13:25.050 [] WARN  o.s.c.events.SpringDocAppInitializer - SpringDoc /swagger-ui.html endpoint is enabled by default. To disable it in production, set the property 'springdoc.swagger-ui.enabled=false'
2026-08-18 16:13:25.052 [] INFO  o.s.b.d.a.ConditionEvaluationDeltaLoggingListener - Condition evaluation unchanged
2026-08-18 16:32:55.099 [] INFO  p.e.u.b.BomerpBackendApplication - Starting BomerpBackendApplication using Java 21.0.12 with PID 50772 (E:\Cursos_Ciclo_4\Lenguaje de Programación II\bomERP\lp2\bomerp-backend\target\classes started by Paul in E:\Cursos_Ciclo_4\Lenguaje de Programación II\bomERP\lp2\bomerp-backend)
2026-08-18 16:32:55.101 [] DEBUG p.e.u.b.BomerpBackendApplication - Running with Spring Boot v4.0.7, Spring v7.0.8
2026-08-18 16:32:55.101 [] INFO  p.e.u.b.BomerpBackendApplication - The following 1 profile is active: "dev"
2026-08-18 16:32:55.136 [] INFO  o.s.b.d.restart.ChangeableUrls - The Class-Path manifest attribute in C:\Users\Paul\.m2\repository\com\oracle\database\jdbc\ojdbc11\23.9.0.25.07\ojdbc11-23.9.0.25.07.jar referenced one or more files that do not exist: file:/C:/Users/Paul/.m2/repository/com/oracle/database/jdbc/ojdbc11/23.9.0.25.07/oraclepki.jar
2026-08-18 16:32:55.137 [] INFO  o.s.b.d.e.DevToolsPropertyDefaultsPostProcessor - Devtools property defaults active! Set 'spring.devtools.add-properties' to 'false' to disable
2026-08-18 16:32:55.137 [] INFO  o.s.b.d.e.DevToolsPropertyDefaultsPostProcessor - For additional web related logging consider setting the 'logging.level.web' property to 'DEBUG'
2026-08-18 16:32:55.796 [] INFO  o.s.d.r.c.RepositoryConfigurationDelegate - Bootstrapping Spring Data JPA repositories in DEFAULT mode.
2026-08-18 16:32:55.844 [] INFO  o.s.d.r.c.RepositoryConfigurationDelegate - Finished Spring Data repository scanning in 39 ms. Found 2 JPA repository interfaces.
2026-08-18 16:32:56.341 [] INFO  o.s.boot.tomcat.TomcatWebServer - Tomcat initialized with port 8080 (http)
2026-08-18 16:32:56.353 [] INFO  o.a.catalina.core.StandardService - Starting service [Tomcat]
2026-08-18 16:32:56.353 [] INFO  o.a.catalina.core.StandardEngine - Starting Servlet engine: [Apache Tomcat/11.0.22]
2026-08-18 16:32:56.403 [] INFO  o.s.b.w.c.s.WebApplicationContextInitializer - Root WebApplicationContext: initialization completed in 1265 ms
2026-08-18 16:32:56.491 [] DEBUG p.e.u.b.filter.CorrelationIdFilter - Filter 'correlationIdFilter' configured for use
2026-08-18 16:32:56.558 [] INFO  c.tngtech.archunit.core.PluginLoader - Detected Java version 21.0.12
2026-08-18 16:32:57.570 [] INFO  org.hibernate.orm.jpa - HHH008540: Processing PersistenceUnitInfo [name: default]
2026-08-18 16:32:57.631 [] INFO  org.hibernate.orm.core - HHH000001: Hibernate ORM core version 7.2.19.Final
2026-08-18 16:32:58.040 [] INFO  o.s.o.j.p.SpringPersistenceUnitInfo - No LoadTimeWeaver setup: ignoring JPA class transformer
2026-08-18 16:32:58.072 [] INFO  com.zaxxer.hikari.HikariDataSource - HikariPool-1 - Starting...
2026-08-18 16:32:58.405 [] INFO  com.zaxxer.hikari.pool.HikariPool - HikariPool-1 - Added connection oracle.jdbc.driver.T4CConnection@5debb2e1
2026-08-18 16:32:58.407 [] INFO  com.zaxxer.hikari.HikariDataSource - HikariPool-1 - Start completed.
2026-08-18 16:32:58.645 [] WARN  org.hibernate.orm.jdbc - HHH100123: Low default JDBC fetch size: 10 (consider setting 'hibernate.jdbc.fetch_size')
2026-08-18 16:32:58.651 [] INFO  o.hibernate.orm.connections.pooling - HHH10001005: Database info:
	Database JDBC URL [jdbc:oracle:thin:@localhost:1521/FREEPDB1]
	Database driver: Oracle JDBC driver
	Database dialect: OracleDialect
	Database version: 23.26.2
	Default catalog/schema: undefined/BOMERP_APP
	Autocommit mode: undefined/unknown
	Isolation level: READ_COMMITTED [default READ_COMMITTED]
	JDBC fetch size: 10
	Pool: DataSourceConnectionProvider
	Minimum pool size: undefined/unknown
	Maximum pool size: undefined/unknown
2026-08-18 16:32:59.390 [] INFO  org.hibernate.orm.core - HHH000489: No JTA platform available (set 'hibernate.transaction.jta.platform' to enable JTA platform integration)
2026-08-18 16:32:59.587 [] INFO  o.s.o.j.LocalContainerEntityManagerFactoryBean - Initialized JPA EntityManagerFactory for persistence unit 'default'
2026-08-18 16:32:59.649 [] INFO  o.s.d.j.r.q.QueryEnhancerFactories - Hibernate is in classpath; If applicable, HQL parser will be used.
2026-08-18 16:33:00.178 [] WARN  o.s.b.d.a.OptionalLiveReloadServer - Unable to start LiveReload server
2026-08-18 16:33:00.233 [] INFO  o.s.b.a.e.web.EndpointLinksResolver - Exposing 3 endpoints beneath base path '/actuator'
2026-08-18 16:33:00.279 [] WARN  o.s.b.w.s.s.c.AnnotationConfigServletWebServerApplicationContext - Exception encountered during context initialization - cancelling refresh attempt: org.springframework.context.ApplicationContextException: Failed to start bean 'webServerStartStop'
2026-08-18 16:33:00.282 [] INFO  o.s.o.j.LocalContainerEntityManagerFactoryBean - Closing JPA EntityManagerFactory for persistence unit 'default'
2026-08-18 16:33:00.286 [] INFO  com.zaxxer.hikari.HikariDataSource - HikariPool-1 - Shutdown initiated...
2026-08-18 16:33:00.314 [] INFO  com.zaxxer.hikari.HikariDataSource - HikariPool-1 - Shutdown completed.
2026-08-18 16:33:00.326 [] INFO  o.s.b.a.l.ConditionEvaluationReportLogger - 

Error starting ApplicationContext. To display the condition evaluation report re-run your application with 'debug' enabled.
2026-08-18 16:33:00.342 [] ERROR o.s.b.d.LoggingFailureAnalysisReporter - 

***************************
APPLICATION FAILED TO START
***************************

Description:

Web server failed to start. Port 8080 was already in use.

Action:

Identify and stop the process that's listening on port 8080 or configure this application to listen on another port.

2026-08-18 16:33:21.554 [] INFO  p.e.u.b.BomerpBackendApplication - Starting BomerpBackendApplication using Java 21.0.12 with PID 14960 (E:\Cursos_Ciclo_4\Lenguaje de Programación II\bomERP\lp2\bomerp-backend\target\classes started by Paul in E:\Cursos_Ciclo_4\Lenguaje de Programación II\bomERP\lp2\bomerp-backend)
2026-08-18 16:33:21.556 [] DEBUG p.e.u.b.BomerpBackendApplication - Running with Spring Boot v4.0.7, Spring v7.0.8
2026-08-18 16:33:21.556 [] INFO  p.e.u.b.BomerpBackendApplication - The following 1 profile is active: "dev"
2026-08-18 16:33:21.587 [] INFO  o.s.b.d.restart.ChangeableUrls - The Class-Path manifest attribute in C:\Users\Paul\.m2\repository\com\oracle\database\jdbc\ojdbc11\23.9.0.25.07\ojdbc11-23.9.0.25.07.jar referenced one or more files that do not exist: file:/C:/Users/Paul/.m2/repository/com/oracle/database/jdbc/ojdbc11/23.9.0.25.07/oraclepki.jar
2026-08-18 16:33:21.587 [] INFO  o.s.b.d.e.DevToolsPropertyDefaultsPostProcessor - Devtools property defaults active! Set 'spring.devtools.add-properties' to 'false' to disable
2026-08-18 16:33:21.587 [] INFO  o.s.b.d.e.DevToolsPropertyDefaultsPostProcessor - For additional web related logging consider setting the 'logging.level.web' property to 'DEBUG'
2026-08-18 16:33:22.179 [] INFO  o.s.d.r.c.RepositoryConfigurationDelegate - Bootstrapping Spring Data JPA repositories in DEFAULT mode.
2026-08-18 16:33:22.227 [] INFO  o.s.d.r.c.RepositoryConfigurationDelegate - Finished Spring Data repository scanning in 41 ms. Found 2 JPA repository interfaces.
2026-08-18 16:33:22.660 [] INFO  o.s.boot.tomcat.TomcatWebServer - Tomcat initialized with port 8080 (http)
2026-08-18 16:33:22.671 [] INFO  o.a.catalina.core.StandardService - Starting service [Tomcat]
2026-08-18 16:33:22.671 [] INFO  o.a.catalina.core.StandardEngine - Starting Servlet engine: [Apache Tomcat/11.0.22]
2026-08-18 16:33:22.707 [] INFO  o.s.b.w.c.s.WebApplicationContextInitializer - Root WebApplicationContext: initialization completed in 1119 ms
2026-08-18 16:33:22.784 [] DEBUG p.e.u.b.filter.CorrelationIdFilter - Filter 'correlationIdFilter' configured for use
2026-08-18 16:33:22.835 [] INFO  c.tngtech.archunit.core.PluginLoader - Detected Java version 21.0.12
2026-08-18 16:33:23.709 [] INFO  org.hibernate.orm.jpa - HHH008540: Processing PersistenceUnitInfo [name: default]
2026-08-18 16:33:23.745 [] INFO  org.hibernate.orm.core - HHH000001: Hibernate ORM core version 7.2.19.Final
2026-08-18 16:33:24.042 [] INFO  o.s.o.j.p.SpringPersistenceUnitInfo - No LoadTimeWeaver setup: ignoring JPA class transformer
2026-08-18 16:33:24.066 [] INFO  com.zaxxer.hikari.HikariDataSource - HikariPool-1 - Starting...
2026-08-18 16:33:24.348 [] INFO  com.zaxxer.hikari.pool.HikariPool - HikariPool-1 - Added connection oracle.jdbc.driver.T4CConnection@902e80c
2026-08-18 16:33:24.350 [] INFO  com.zaxxer.hikari.HikariDataSource - HikariPool-1 - Start completed.
2026-08-18 16:33:24.544 [] WARN  org.hibernate.orm.jdbc - HHH100123: Low default JDBC fetch size: 10 (consider setting 'hibernate.jdbc.fetch_size')
2026-08-18 16:33:24.549 [] INFO  o.hibernate.orm.connections.pooling - HHH10001005: Database info:
	Database JDBC URL [jdbc:oracle:thin:@localhost:1521/FREEPDB1]
	Database driver: Oracle JDBC driver
	Database dialect: OracleDialect
	Database version: 23.26.2
	Default catalog/schema: undefined/BOMERP_APP
	Autocommit mode: undefined/unknown
	Isolation level: READ_COMMITTED [default READ_COMMITTED]
	JDBC fetch size: 10
	Pool: DataSourceConnectionProvider
	Minimum pool size: undefined/unknown
	Maximum pool size: undefined/unknown
2026-08-18 16:33:25.127 [] INFO  org.hibernate.orm.core - HHH000489: No JTA platform available (set 'hibernate.transaction.jta.platform' to enable JTA platform integration)
2026-08-18 16:33:25.307 [] INFO  o.s.o.j.LocalContainerEntityManagerFactoryBean - Initialized JPA EntityManagerFactory for persistence unit 'default'
2026-08-18 16:33:25.370 [] INFO  o.s.d.j.r.q.QueryEnhancerFactories - Hibernate is in classpath; If applicable, HQL parser will be used.
2026-08-18 16:33:25.856 [] WARN  o.s.b.d.a.OptionalLiveReloadServer - Unable to start LiveReload server
2026-08-18 16:33:25.916 [] INFO  o.s.b.a.e.web.EndpointLinksResolver - Exposing 3 endpoints beneath base path '/actuator'
2026-08-18 16:33:25.955 [] WARN  o.s.b.w.s.s.c.AnnotationConfigServletWebServerApplicationContext - Exception encountered during context initialization - cancelling refresh attempt: org.springframework.context.ApplicationContextException: Failed to start bean 'webServerStartStop'
2026-08-18 16:33:25.957 [] INFO  o.s.o.j.LocalContainerEntityManagerFactoryBean - Closing JPA EntityManagerFactory for persistence unit 'default'
2026-08-18 16:33:25.960 [] INFO  com.zaxxer.hikari.HikariDataSource - HikariPool-1 - Shutdown initiated...
2026-08-18 16:33:25.983 [] INFO  com.zaxxer.hikari.HikariDataSource - HikariPool-1 - Shutdown completed.
2026-08-18 16:33:25.993 [] INFO  o.s.b.a.l.ConditionEvaluationReportLogger - 

Error starting ApplicationContext. To display the condition evaluation report re-run your application with 'debug' enabled.
2026-08-18 16:33:26.005 [] ERROR o.s.b.d.LoggingFailureAnalysisReporter - 

***************************
APPLICATION FAILED TO START
***************************

Description:

Web server failed to start. Port 8080 was already in use.

Action:

Identify and stop the process that's listening on port 8080 or configure this application to listen on another port.

2026-08-18 16:34:47.530 [] INFO  o.s.b.d.a.LocalDevToolsAutoConfiguration$RestartingClassPathChangeChangedEventListener - Restarting due to 1 class path change (0 additions, 0 deletions, 1 modification)
2026-08-18 16:34:47.560 [] INFO  o.s.boot.tomcat.GracefulShutdown - Commencing graceful shutdown. Waiting for active requests to complete
2026-08-18 16:34:47.576 [] INFO  o.s.boot.tomcat.GracefulShutdown - Graceful shutdown complete
2026-08-18 16:34:47.587 [] INFO  o.s.o.j.LocalContainerEntityManagerFactoryBean - Closing JPA EntityManagerFactory for persistence unit 'default'
2026-08-18 16:34:47.596 [] INFO  com.zaxxer.hikari.HikariDataSource - HikariPool-5 - Shutdown initiated...
2026-08-18 16:34:47.684 [] INFO  com.zaxxer.hikari.HikariDataSource - HikariPool-5 - Shutdown completed.
2026-08-18 16:34:47.945 [] INFO  p.e.u.b.BomerpBackendApplication - Starting BomerpBackendApplication using Java 21.0.12 with PID 34232 (E:\Cursos_Ciclo_4\Lenguaje de Programación II\bomERP\lp2\bomerp-backend\target\classes started by Paul in E:\Cursos_Ciclo_4\Lenguaje de Programación II\bomERP\lp2\bomerp-backend)
2026-08-18 16:34:47.945 [] DEBUG p.e.u.b.BomerpBackendApplication - Running with Spring Boot v4.0.7, Spring v7.0.8
2026-08-18 16:34:47.945 [] INFO  p.e.u.b.BomerpBackendApplication - The following 1 profile is active: "dev"
2026-08-18 16:34:48.262 [] INFO  o.s.d.r.c.RepositoryConfigurationDelegate - Bootstrapping Spring Data JPA repositories in DEFAULT mode.
2026-08-18 16:34:48.291 [] INFO  o.s.d.r.c.RepositoryConfigurationDelegate - Finished Spring Data repository scanning in 25 ms. Found 2 JPA repository interfaces.
2026-08-18 16:34:48.432 [] INFO  o.s.boot.tomcat.TomcatWebServer - Tomcat initialized with port 8081 (http)
2026-08-18 16:34:48.433 [] INFO  o.a.catalina.core.StandardService - Starting service [Tomcat]
2026-08-18 16:34:48.433 [] INFO  o.a.catalina.core.StandardEngine - Starting Servlet engine: [Apache Tomcat/11.0.22]
2026-08-18 16:34:48.471 [] INFO  o.s.b.w.c.s.WebApplicationContextInitializer - Root WebApplicationContext: initialization completed in 522 ms
2026-08-18 16:34:48.525 [] DEBUG p.e.u.b.filter.CorrelationIdFilter - Filter 'correlationIdFilter' configured for use
2026-08-18 16:34:49.085 [] INFO  org.hibernate.orm.jpa - HHH008540: Processing PersistenceUnitInfo [name: default]
2026-08-18 16:34:49.134 [] INFO  o.s.o.j.p.SpringPersistenceUnitInfo - No LoadTimeWeaver setup: ignoring JPA class transformer
2026-08-18 16:34:49.138 [] INFO  com.zaxxer.hikari.HikariDataSource - HikariPool-6 - Starting...
2026-08-18 16:34:49.231 [] INFO  com.zaxxer.hikari.pool.HikariPool - HikariPool-6 - Added connection oracle.jdbc.driver.T4CConnection@71866c48
2026-08-18 16:34:49.231 [] INFO  com.zaxxer.hikari.HikariDataSource - HikariPool-6 - Start completed.
2026-08-18 16:34:49.244 [] WARN  org.hibernate.orm.jdbc - HHH100123: Low default JDBC fetch size: 10 (consider setting 'hibernate.jdbc.fetch_size')
2026-08-18 16:34:49.245 [] INFO  o.hibernate.orm.connections.pooling - HHH10001005: Database info:
	Database JDBC URL [jdbc:oracle:thin:@localhost:1521/FREEPDB1]
	Database driver: Oracle JDBC driver
	Database dialect: OracleDialect
	Database version: 23.26.2
	Default catalog/schema: undefined/BOMERP_APP
	Autocommit mode: undefined/unknown
	Isolation level: READ_COMMITTED [default READ_COMMITTED]
	JDBC fetch size: 10
	Pool: DataSourceConnectionProvider
	Minimum pool size: undefined/unknown
	Maximum pool size: undefined/unknown
2026-08-18 16:34:49.312 [] INFO  org.hibernate.orm.core - HHH000489: No JTA platform available (set 'hibernate.transaction.jta.platform' to enable JTA platform integration)
2026-08-18 16:34:49.427 [] INFO  o.s.o.j.LocalContainerEntityManagerFactoryBean - Initialized JPA EntityManagerFactory for persistence unit 'default'
2026-08-18 16:34:49.706 [] INFO  o.s.b.d.a.OptionalLiveReloadServer - LiveReload server is running on port 35729
2026-08-18 16:34:49.736 [] INFO  o.s.b.a.e.web.EndpointLinksResolver - Exposing 3 endpoints beneath base path '/actuator'
2026-08-18 16:34:49.756 [] INFO  o.s.boot.tomcat.TomcatWebServer - Tomcat started on port 8081 (http) with context path '/'
2026-08-18 16:34:49.760 [] INFO  o.s.s.config.TaskSchedulerRouter - No TaskScheduler/ScheduledExecutorService bean found for scheduled processing
2026-08-18 16:34:49.763 [] INFO  p.e.u.b.BomerpBackendApplication - Started BomerpBackendApplication in 1.886 seconds (process running for 60669.01)
2026-08-18 16:34:49.765 [] WARN  o.s.c.events.SpringDocAppInitializer - SpringDoc /v3/api-docs endpoint is enabled by default. To disable it in production, set the property 'springdoc.api-docs.enabled=false'
2026-08-18 16:34:49.765 [] WARN  o.s.c.events.SpringDocAppInitializer - SpringDoc /swagger-ui.html endpoint is enabled by default. To disable it in production, set the property 'springdoc.swagger-ui.enabled=false'
2026-08-18 16:34:49.766 [] INFO  o.s.b.d.a.ConditionEvaluationDeltaLoggingListener - Condition evaluation unchanged
2026-08-18 16:34:55.220 [] INFO  p.e.u.b.BomerpBackendApplication - Starting BomerpBackendApplication using Java 21.0.12 with PID 24116 (E:\Cursos_Ciclo_4\Lenguaje de Programación II\bomERP\lp2\bomerp-backend\target\classes started by Paul in E:\Cursos_Ciclo_4\Lenguaje de Programación II\bomERP\lp2\bomerp-backend)
2026-08-18 16:34:55.223 [] DEBUG p.e.u.b.BomerpBackendApplication - Running with Spring Boot v4.0.7, Spring v7.0.8
2026-08-18 16:34:55.224 [] INFO  p.e.u.b.BomerpBackendApplication - The following 1 profile is active: "dev"
2026-08-18 16:34:55.263 [] INFO  o.s.b.d.restart.ChangeableUrls - The Class-Path manifest attribute in C:\Users\Paul\.m2\repository\com\oracle\database\jdbc\ojdbc11\23.9.0.25.07\ojdbc11-23.9.0.25.07.jar referenced one or more files that do not exist: file:/C:/Users/Paul/.m2/repository/com/oracle/database/jdbc/ojdbc11/23.9.0.25.07/oraclepki.jar
2026-08-18 16:34:55.263 [] INFO  o.s.b.d.e.DevToolsPropertyDefaultsPostProcessor - Devtools property defaults active! Set 'spring.devtools.add-properties' to 'false' to disable
2026-08-18 16:34:55.263 [] INFO  o.s.b.d.e.DevToolsPropertyDefaultsPostProcessor - For additional web related logging consider setting the 'logging.level.web' property to 'DEBUG'
2026-08-18 16:34:55.898 [] INFO  o.s.d.r.c.RepositoryConfigurationDelegate - Bootstrapping Spring Data JPA repositories in DEFAULT mode.
2026-08-18 16:34:55.946 [] INFO  o.s.d.r.c.RepositoryConfigurationDelegate - Finished Spring Data repository scanning in 40 ms. Found 2 JPA repository interfaces.
2026-08-18 16:34:56.390 [] INFO  o.s.boot.tomcat.TomcatWebServer - Tomcat initialized with port 8081 (http)
2026-08-18 16:34:56.400 [] INFO  o.a.catalina.core.StandardService - Starting service [Tomcat]
2026-08-18 16:34:56.402 [] INFO  o.a.catalina.core.StandardEngine - Starting Servlet engine: [Apache Tomcat/11.0.22]
2026-08-18 16:34:56.450 [] INFO  o.s.b.w.c.s.WebApplicationContextInitializer - Root WebApplicationContext: initialization completed in 1186 ms
2026-08-18 16:34:56.534 [] DEBUG p.e.u.b.filter.CorrelationIdFilter - Filter 'correlationIdFilter' configured for use
2026-08-18 16:34:56.584 [] INFO  c.tngtech.archunit.core.PluginLoader - Detected Java version 21.0.12
2026-08-18 16:34:57.461 [] INFO  org.hibernate.orm.jpa - HHH008540: Processing PersistenceUnitInfo [name: default]
2026-08-18 16:34:57.499 [] INFO  org.hibernate.orm.core - HHH000001: Hibernate ORM core version 7.2.19.Final
2026-08-18 16:34:57.795 [] INFO  o.s.o.j.p.SpringPersistenceUnitInfo - No LoadTimeWeaver setup: ignoring JPA class transformer
2026-08-18 16:34:57.819 [] INFO  com.zaxxer.hikari.HikariDataSource - HikariPool-1 - Starting...
2026-08-18 16:34:58.094 [] INFO  com.zaxxer.hikari.pool.HikariPool - HikariPool-1 - Added connection oracle.jdbc.driver.T4CConnection@5af76e54
2026-08-18 16:34:58.095 [] INFO  com.zaxxer.hikari.HikariDataSource - HikariPool-1 - Start completed.
2026-08-18 16:34:58.284 [] WARN  org.hibernate.orm.jdbc - HHH100123: Low default JDBC fetch size: 10 (consider setting 'hibernate.jdbc.fetch_size')
2026-08-18 16:34:58.290 [] INFO  o.hibernate.orm.connections.pooling - HHH10001005: Database info:
	Database JDBC URL [jdbc:oracle:thin:@localhost:1521/FREEPDB1]
	Database driver: Oracle JDBC driver
	Database dialect: OracleDialect
	Database version: 23.26.2
	Default catalog/schema: undefined/BOMERP_APP
	Autocommit mode: undefined/unknown
	Isolation level: READ_COMMITTED [default READ_COMMITTED]
	JDBC fetch size: 10
	Pool: DataSourceConnectionProvider
	Minimum pool size: undefined/unknown
	Maximum pool size: undefined/unknown
2026-08-18 16:34:58.884 [] INFO  org.hibernate.orm.core - HHH000489: No JTA platform available (set 'hibernate.transaction.jta.platform' to enable JTA platform integration)
2026-08-18 16:34:59.027 [] INFO  o.s.o.j.LocalContainerEntityManagerFactoryBean - Initialized JPA EntityManagerFactory for persistence unit 'default'
2026-08-18 16:34:59.083 [] INFO  o.s.d.j.r.q.QueryEnhancerFactories - Hibernate is in classpath; If applicable, HQL parser will be used.
2026-08-18 16:34:59.571 [] WARN  o.s.b.d.a.OptionalLiveReloadServer - Unable to start LiveReload server
2026-08-18 16:34:59.627 [] INFO  o.s.b.a.e.web.EndpointLinksResolver - Exposing 3 endpoints beneath base path '/actuator'
2026-08-18 16:34:59.665 [] WARN  o.s.b.w.s.s.c.AnnotationConfigServletWebServerApplicationContext - Exception encountered during context initialization - cancelling refresh attempt: org.springframework.context.ApplicationContextException: Failed to start bean 'webServerStartStop'
2026-08-18 16:34:59.667 [] INFO  o.s.o.j.LocalContainerEntityManagerFactoryBean - Closing JPA EntityManagerFactory for persistence unit 'default'
2026-08-18 16:34:59.670 [] INFO  com.zaxxer.hikari.HikariDataSource - HikariPool-1 - Shutdown initiated...
2026-08-18 16:34:59.692 [] INFO  com.zaxxer.hikari.HikariDataSource - HikariPool-1 - Shutdown completed.
2026-08-18 16:34:59.702 [] INFO  o.s.b.a.l.ConditionEvaluationReportLogger - 

Error starting ApplicationContext. To display the condition evaluation report re-run your application with 'debug' enabled.
2026-08-18 16:34:59.715 [] ERROR o.s.b.d.LoggingFailureAnalysisReporter - 

***************************
APPLICATION FAILED TO START
***************************

Description:

Web server failed to start. Port 8081 was already in use.

Action:

Identify and stop the process that's listening on port 8081 or configure this application to listen on another port.

2026-08-18 16:35:41.762 [] INFO  o.a.c.c.C.[Tomcat].[localhost].[/] - Initializing Spring DispatcherServlet 'dispatcherServlet'
2026-08-18 16:35:41.763 [] INFO  o.s.web.servlet.DispatcherServlet - Initializing Servlet 'dispatcherServlet'
2026-08-18 16:35:41.764 [] INFO  o.s.web.servlet.DispatcherServlet - Completed initialization in 1 ms
2026-08-18 17:03:03.719 [] INFO  p.e.u.b.BomerpBackendApplication - Starting BomerpBackendApplication using Java 21.0.12 with PID 32844 (E:\Cursos_Ciclo_4\Lenguaje de Programación II\bomERP\lp2\bomerp-backend\target\classes started by Paul in E:\Cursos_Ciclo_4\Lenguaje de Programación II\bomERP\lp2\bomerp-backend)
2026-08-18 17:03:03.722 [] DEBUG p.e.u.b.BomerpBackendApplication - Running with Spring Boot v4.0.7, Spring v7.0.8
2026-08-18 17:03:03.723 [] INFO  p.e.u.b.BomerpBackendApplication - The following 1 profile is active: "dev"
2026-08-18 17:03:03.755 [] INFO  o.s.b.d.restart.ChangeableUrls - The Class-Path manifest attribute in C:\Users\Paul\.m2\repository\com\oracle\database\jdbc\ojdbc11\23.9.0.25.07\ojdbc11-23.9.0.25.07.jar referenced one or more files that do not exist: file:/C:/Users/Paul/.m2/repository/com/oracle/database/jdbc/ojdbc11/23.9.0.25.07/oraclepki.jar
2026-08-18 17:03:03.756 [] INFO  o.s.b.d.e.DevToolsPropertyDefaultsPostProcessor - Devtools property defaults active! Set 'spring.devtools.add-properties' to 'false' to disable
2026-08-18 17:03:03.756 [] INFO  o.s.b.d.e.DevToolsPropertyDefaultsPostProcessor - For additional web related logging consider setting the 'logging.level.web' property to 'DEBUG'
2026-08-18 17:03:04.396 [] INFO  o.s.d.r.c.RepositoryConfigurationDelegate - Bootstrapping Spring Data JPA repositories in DEFAULT mode.
2026-08-18 17:03:04.446 [] INFO  o.s.d.r.c.RepositoryConfigurationDelegate - Finished Spring Data repository scanning in 41 ms. Found 2 JPA repository interfaces.
2026-08-18 17:03:04.911 [] INFO  o.s.boot.tomcat.TomcatWebServer - Tomcat initialized with port 8081 (http)
2026-08-18 17:03:04.922 [] INFO  o.a.catalina.core.StandardService - Starting service [Tomcat]
2026-08-18 17:03:04.923 [] INFO  o.a.catalina.core.StandardEngine - Starting Servlet engine: [Apache Tomcat/11.0.22]
2026-08-18 17:03:04.967 [] INFO  o.s.b.w.c.s.WebApplicationContextInitializer - Root WebApplicationContext: initialization completed in 1210 ms
2026-08-18 17:03:05.054 [] DEBUG p.e.u.b.filter.CorrelationIdFilter - Filter 'correlationIdFilter' configured for use
2026-08-18 17:03:05.118 [] INFO  c.tngtech.archunit.core.PluginLoader - Detected Java version 21.0.12
2026-08-18 17:03:06.100 [] INFO  org.hibernate.orm.jpa - HHH008540: Processing PersistenceUnitInfo [name: default]
2026-08-18 17:03:06.157 [] INFO  org.hibernate.orm.core - HHH000001: Hibernate ORM core version 7.2.19.Final
2026-08-18 17:03:06.506 [] INFO  o.s.o.j.p.SpringPersistenceUnitInfo - No LoadTimeWeaver setup: ignoring JPA class transformer
2026-08-18 17:03:06.535 [] INFO  com.zaxxer.hikari.HikariDataSource - HikariPool-1 - Starting...
2026-08-18 17:03:06.863 [] INFO  com.zaxxer.hikari.pool.HikariPool - HikariPool-1 - Added connection oracle.jdbc.driver.T4CConnection@287b636d
2026-08-18 17:03:06.865 [] INFO  com.zaxxer.hikari.HikariDataSource - HikariPool-1 - Start completed.
2026-08-18 17:03:07.098 [] WARN  org.hibernate.orm.jdbc - HHH100123: Low default JDBC fetch size: 10 (consider setting 'hibernate.jdbc.fetch_size')
2026-08-18 17:03:07.104 [] INFO  o.hibernate.orm.connections.pooling - HHH10001005: Database info:
	Database JDBC URL [jdbc:oracle:thin:@localhost:1521/FREEPDB1]
	Database driver: Oracle JDBC driver
	Database dialect: OracleDialect
	Database version: 23.26.2
	Default catalog/schema: undefined/BOMERP_APP
	Autocommit mode: undefined/unknown
	Isolation level: READ_COMMITTED [default READ_COMMITTED]
	JDBC fetch size: 10
	Pool: DataSourceConnectionProvider
	Minimum pool size: undefined/unknown
	Maximum pool size: undefined/unknown
2026-08-18 17:03:07.786 [] INFO  org.hibernate.orm.core - HHH000489: No JTA platform available (set 'hibernate.transaction.jta.platform' to enable JTA platform integration)
2026-08-18 17:03:08.380 [] INFO  o.s.o.j.LocalContainerEntityManagerFactoryBean - Initialized JPA EntityManagerFactory for persistence unit 'default'
2026-08-18 17:03:08.441 [] INFO  o.s.d.j.r.q.QueryEnhancerFactories - Hibernate is in classpath; If applicable, HQL parser will be used.
2026-08-18 17:03:08.925 [] WARN  o.s.b.d.a.OptionalLiveReloadServer - Unable to start LiveReload server
2026-08-18 17:03:08.978 [] INFO  o.s.b.a.e.web.EndpointLinksResolver - Exposing 3 endpoints beneath base path '/actuator'
2026-08-18 17:03:09.026 [] WARN  o.s.b.w.s.s.c.AnnotationConfigServletWebServerApplicationContext - Exception encountered during context initialization - cancelling refresh attempt: org.springframework.context.ApplicationContextException: Failed to start bean 'webServerStartStop'
2026-08-18 17:03:09.029 [] INFO  o.s.o.j.LocalContainerEntityManagerFactoryBean - Closing JPA EntityManagerFactory for persistence unit 'default'
2026-08-18 17:03:09.034 [] INFO  com.zaxxer.hikari.HikariDataSource - HikariPool-1 - Shutdown initiated...
2026-08-18 17:03:09.062 [] INFO  com.zaxxer.hikari.HikariDataSource - HikariPool-1 - Shutdown completed.
2026-08-18 17:03:09.076 [] INFO  o.s.b.a.l.ConditionEvaluationReportLogger - 

Error starting ApplicationContext. To display the condition evaluation report re-run your application with 'debug' enabled.
2026-08-18 17:03:09.089 [] ERROR o.s.b.d.LoggingFailureAnalysisReporter - 

***************************
APPLICATION FAILED TO START
***************************

Description:

Web server failed to start. Port 8081 was already in use.

Action:

Identify and stop the process that's listening on port 8081 or configure this application to listen on another port.

2026-08-18 17:04:07.996 [08ea3ace-70d7-4053-b341-f19d60511297] INFO  o.s.api.AbstractOpenApiResource - Init duration for springdoc-openapi is: 247 ms
2026-08-18 18:01:35.767 [] INFO  o.s.b.d.a.LocalDevToolsAutoConfiguration$RestartingClassPathChangeChangedEventListener - Restarting due to 1 class path change (0 additions, 0 deletions, 1 modification)
2026-08-18 18:01:35.787 [] INFO  o.s.boot.tomcat.GracefulShutdown - Commencing graceful shutdown. Waiting for active requests to complete
2026-08-18 18:01:35.797 [] INFO  o.s.boot.tomcat.GracefulShutdown - Graceful shutdown complete
2026-08-18 18:01:35.806 [] INFO  o.s.o.j.LocalContainerEntityManagerFactoryBean - Closing JPA EntityManagerFactory for persistence unit 'default'
2026-08-18 18:01:35.822 [] INFO  com.zaxxer.hikari.HikariDataSource - HikariPool-6 - Shutdown initiated...
2026-08-18 18:01:35.851 [] INFO  com.zaxxer.hikari.HikariDataSource - HikariPool-6 - Shutdown completed.
2026-08-18 18:01:36.131 [] INFO  p.e.u.b.BomerpBackendApplication - Starting BomerpBackendApplication using Java 21.0.12 with PID 34232 (E:\Cursos_Ciclo_4\Lenguaje de Programación II\bomERP\lp2\bomerp-backend\target\classes started by Paul in E:\Cursos_Ciclo_4\Lenguaje de Programación II\bomERP\lp2\bomerp-backend)
2026-08-18 18:01:36.131 [] DEBUG p.e.u.b.BomerpBackendApplication - Running with Spring Boot v4.0.7, Spring v7.0.8
2026-08-18 18:01:36.131 [] INFO  p.e.u.b.BomerpBackendApplication - The following 1 profile is active: "dev"
2026-08-18 18:01:36.481 [] INFO  o.s.d.r.c.RepositoryConfigurationDelegate - Bootstrapping Spring Data JPA repositories in DEFAULT mode.
2026-08-18 18:01:36.507 [] INFO  o.s.d.r.c.RepositoryConfigurationDelegate - Finished Spring Data repository scanning in 24 ms. Found 2 JPA repository interfaces.
2026-08-18 18:01:36.663 [] INFO  o.s.boot.tomcat.TomcatWebServer - Tomcat initialized with port 8081 (http)
2026-08-18 18:01:36.665 [] INFO  o.a.catalina.core.StandardService - Starting service [Tomcat]
2026-08-18 18:01:36.665 [] INFO  o.a.catalina.core.StandardEngine - Starting Servlet engine: [Apache Tomcat/11.0.22]
2026-08-18 18:01:36.699 [] INFO  o.s.b.w.c.s.WebApplicationContextInitializer - Root WebApplicationContext: initialization completed in 562 ms
2026-08-18 18:01:36.743 [] DEBUG p.e.u.b.filter.CorrelationIdFilter - Filter 'correlationIdFilter' configured for use
2026-08-18 18:01:37.216 [] INFO  org.hibernate.orm.jpa - HHH008540: Processing PersistenceUnitInfo [name: default]
2026-08-18 18:01:37.255 [] INFO  o.s.o.j.p.SpringPersistenceUnitInfo - No LoadTimeWeaver setup: ignoring JPA class transformer
2026-08-18 18:01:37.258 [] INFO  com.zaxxer.hikari.HikariDataSource - HikariPool-7 - Starting...
2026-08-18 18:01:37.325 [] INFO  com.zaxxer.hikari.pool.HikariPool - HikariPool-7 - Added connection oracle.jdbc.driver.T4CConnection@30672497
2026-08-18 18:01:37.325 [] INFO  com.zaxxer.hikari.HikariDataSource - HikariPool-7 - Start completed.
2026-08-18 18:01:37.353 [] WARN  org.hibernate.orm.jdbc - HHH100123: Low default JDBC fetch size: 10 (consider setting 'hibernate.jdbc.fetch_size')
2026-08-18 18:01:37.353 [] INFO  o.hibernate.orm.connections.pooling - HHH10001005: Database info:
	Database JDBC URL [jdbc:oracle:thin:@localhost:1521/FREEPDB1]
	Database driver: Oracle JDBC driver
	Database dialect: OracleDialect
	Database version: 23.26.2
	Default catalog/schema: undefined/BOMERP_APP
	Autocommit mode: undefined/unknown
	Isolation level: READ_COMMITTED [default READ_COMMITTED]
	JDBC fetch size: 10
	Pool: DataSourceConnectionProvider
	Minimum pool size: undefined/unknown
	Maximum pool size: undefined/unknown
2026-08-18 18:01:37.413 [] INFO  org.hibernate.orm.core - HHH000489: No JTA platform available (set 'hibernate.transaction.jta.platform' to enable JTA platform integration)
2026-08-18 18:01:37.623 [] INFO  o.s.o.j.LocalContainerEntityManagerFactoryBean - Initialized JPA EntityManagerFactory for persistence unit 'default'
2026-08-18 18:01:37.904 [] INFO  o.s.b.d.a.OptionalLiveReloadServer - LiveReload server is running on port 35729
2026-08-18 18:01:37.943 [] INFO  o.s.b.a.e.web.EndpointLinksResolver - Exposing 3 endpoints beneath base path '/actuator'
2026-08-18 18:01:37.966 [] INFO  o.s.boot.tomcat.TomcatWebServer - Tomcat started on port 8081 (http) with context path '/'
2026-08-18 18:01:37.971 [] INFO  o.s.s.config.TaskSchedulerRouter - No TaskScheduler/ScheduledExecutorService bean found for scheduled processing
2026-08-18 18:01:37.973 [] INFO  p.e.u.b.BomerpBackendApplication - Started BomerpBackendApplication in 1.908 seconds (process running for 65877.22)
2026-08-18 18:01:37.975 [] WARN  o.s.c.events.SpringDocAppInitializer - SpringDoc /v3/api-docs endpoint is enabled by default. To disable it in production, set the property 'springdoc.api-docs.enabled=false'
2026-08-18 18:01:37.975 [] WARN  o.s.c.events.SpringDocAppInitializer - SpringDoc /swagger-ui.html endpoint is enabled by default. To disable it in production, set the property 'springdoc.swagger-ui.enabled=false'
2026-08-18 18:01:37.976 [] INFO  o.s.b.d.a.ConditionEvaluationDeltaLoggingListener - Condition evaluation unchanged
2026-08-18 18:03:45.712 [] INFO  o.s.b.d.a.LocalDevToolsAutoConfiguration$RestartingClassPathChangeChangedEventListener - Restarting due to 2 class path changes (0 additions, 0 deletions, 2 modifications)
2026-08-18 18:03:45.713 [] INFO  o.s.boot.tomcat.GracefulShutdown - Commencing graceful shutdown. Waiting for active requests to complete
2026-08-18 18:03:45.723 [] INFO  o.s.boot.tomcat.GracefulShutdown - Graceful shutdown complete
2026-08-18 18:03:45.725 [] INFO  o.s.o.j.LocalContainerEntityManagerFactoryBean - Closing JPA EntityManagerFactory for persistence unit 'default'
2026-08-18 18:03:45.726 [] INFO  com.zaxxer.hikari.HikariDataSource - HikariPool-7 - Shutdown initiated...
2026-08-18 18:03:45.753 [] INFO  com.zaxxer.hikari.HikariDataSource - HikariPool-7 - Shutdown completed.
2026-08-18 18:03:45.877 [] INFO  p.e.u.b.BomerpBackendApplication - Starting BomerpBackendApplication using Java 21.0.12 with PID 34232 (E:\Cursos_Ciclo_4\Lenguaje de Programación II\bomERP\lp2\bomerp-backend\target\classes started by Paul in E:\Cursos_Ciclo_4\Lenguaje de Programación II\bomERP\lp2\bomerp-backend)
2026-08-18 18:03:45.878 [] DEBUG p.e.u.b.BomerpBackendApplication - Running with Spring Boot v4.0.7, Spring v7.0.8
2026-08-18 18:03:45.878 [] INFO  p.e.u.b.BomerpBackendApplication - The following 1 profile is active: "dev"
2026-08-18 18:03:46.159 [] INFO  o.s.d.r.c.RepositoryConfigurationDelegate - Bootstrapping Spring Data JPA repositories in DEFAULT mode.
2026-08-18 18:03:46.186 [] INFO  o.s.d.r.c.RepositoryConfigurationDelegate - Finished Spring Data repository scanning in 25 ms. Found 2 JPA repository interfaces.
2026-08-18 18:03:46.326 [] INFO  o.s.boot.tomcat.TomcatWebServer - Tomcat initialized with port 8081 (http)
2026-08-18 18:03:46.327 [] INFO  o.a.catalina.core.StandardService - Starting service [Tomcat]
2026-08-18 18:03:46.327 [] INFO  o.a.catalina.core.StandardEngine - Starting Servlet engine: [Apache Tomcat/11.0.22]
2026-08-18 18:03:46.360 [] INFO  o.s.b.w.c.s.WebApplicationContextInitializer - Root WebApplicationContext: initialization completed in 480 ms
2026-08-18 18:03:46.413 [] DEBUG p.e.u.b.filter.CorrelationIdFilter - Filter 'correlationIdFilter' configured for use
2026-08-18 18:03:46.845 [] INFO  org.hibernate.orm.jpa - HHH008540: Processing PersistenceUnitInfo [name: default]
2026-08-18 18:03:46.878 [] INFO  o.s.o.j.p.SpringPersistenceUnitInfo - No LoadTimeWeaver setup: ignoring JPA class transformer
2026-08-18 18:03:46.879 [] INFO  com.zaxxer.hikari.HikariDataSource - HikariPool-8 - Starting...
2026-08-18 18:03:46.946 [] INFO  com.zaxxer.hikari.pool.HikariPool - HikariPool-8 - Added connection oracle.jdbc.driver.T4CConnection@6af14c2c
2026-08-18 18:03:46.947 [] INFO  com.zaxxer.hikari.HikariDataSource - HikariPool-8 - Start completed.
2026-08-18 18:03:46.958 [] WARN  org.hibernate.orm.jdbc - HHH100123: Low default JDBC fetch size: 10 (consider setting 'hibernate.jdbc.fetch_size')
2026-08-18 18:03:46.958 [] INFO  o.hibernate.orm.connections.pooling - HHH10001005: Database info:
	Database JDBC URL [jdbc:oracle:thin:@localhost:1521/FREEPDB1]
	Database driver: Oracle JDBC driver
	Database dialect: OracleDialect
	Database version: 23.26.2
	Default catalog/schema: undefined/BOMERP_APP
	Autocommit mode: undefined/unknown
	Isolation level: READ_COMMITTED [default READ_COMMITTED]
	JDBC fetch size: 10
	Pool: DataSourceConnectionProvider
	Minimum pool size: undefined/unknown
	Maximum pool size: undefined/unknown
2026-08-18 18:03:47.011 [] INFO  org.hibernate.orm.core - HHH000489: No JTA platform available (set 'hibernate.transaction.jta.platform' to enable JTA platform integration)
2026-08-18 18:03:47.109 [] INFO  o.s.o.j.LocalContainerEntityManagerFactoryBean - Initialized JPA EntityManagerFactory for persistence unit 'default'
2026-08-18 18:03:47.182 [] WARN  o.s.b.w.s.s.c.AnnotationConfigServletWebServerApplicationContext - Exception encountered during context initialization - cancelling refresh attempt: org.springframework.beans.factory.UnsatisfiedDependencyException: Error creating bean with name 'productoController' defined in file [E:\Cursos_Ciclo_4\Lenguaje de Programación II\bomERP\lp2\bomerp-backend\target\classes\pe\edu\upeu\bomerp\catalogo\producto\controller\ProductoController.class]: Unsatisfied dependency expressed through constructor parameter 0: Error creating bean with name 'productoServiceImpl' defined in file [E:\Cursos_Ciclo_4\Lenguaje de Programación II\bomERP\lp2\bomerp-backend\target\classes\pe\edu\upeu\bomerp\catalogo\producto\service\ProductoServiceImpl.class]: Unsatisfied dependency expressed through constructor parameter 1: No qualifying bean of type 'pe.edu.upeu.bomerp.catalogo.producto.mapper.ProductoMapper' available: expected at least 1 bean which qualifies as autowire candidate. Dependency annotations: {}
2026-08-18 18:03:47.182 [] INFO  o.s.o.j.LocalContainerEntityManagerFactoryBean - Closing JPA EntityManagerFactory for persistence unit 'default'
2026-08-18 18:03:47.183 [] INFO  com.zaxxer.hikari.HikariDataSource - HikariPool-8 - Shutdown initiated...
2026-08-18 18:03:47.247 [] INFO  com.zaxxer.hikari.HikariDataSource - HikariPool-8 - Shutdown completed.
2026-08-18 18:03:47.248 [] INFO  o.a.catalina.core.StandardService - Stopping service [Tomcat]
2026-08-18 18:03:47.259 [] INFO  o.s.b.a.l.ConditionEvaluationReportLogger - 

Error starting ApplicationContext. To display the condition evaluation report re-run your application with 'debug' enabled.
2026-08-18 18:03:47.294 [] ERROR o.s.b.d.LoggingFailureAnalysisReporter - 

***************************
APPLICATION FAILED TO START
***************************

Description:

Parameter 1 of constructor in pe.edu.upeu.bomerp.catalogo.producto.service.ProductoServiceImpl required a bean of type 'pe.edu.upeu.bomerp.catalogo.producto.mapper.ProductoMapper' that could not be found.


Action:

Consider defining a bean of type 'pe.edu.upeu.bomerp.catalogo.producto.mapper.ProductoMapper' in your configuration.

2026-08-18 18:05:17.161 [] INFO  p.e.u.b.BomerpBackendApplication - Starting BomerpBackendApplication using Java 21.0.12 with PID 34232 (E:\Cursos_Ciclo_4\Lenguaje de Programación II\bomERP\lp2\bomerp-backend\target\classes started by Paul in E:\Cursos_Ciclo_4\Lenguaje de Programación II\bomERP\lp2\bomerp-backend)
2026-08-18 18:05:17.161 [] DEBUG p.e.u.b.BomerpBackendApplication - Running with Spring Boot v4.0.7, Spring v7.0.8
2026-08-18 18:05:17.162 [] INFO  p.e.u.b.BomerpBackendApplication - The following 1 profile is active: "dev"
2026-08-18 18:05:17.388 [] INFO  o.s.d.r.c.RepositoryConfigurationDelegate - Bootstrapping Spring Data JPA repositories in DEFAULT mode.
2026-08-18 18:05:17.407 [] INFO  o.s.d.r.c.RepositoryConfigurationDelegate - Finished Spring Data repository scanning in 17 ms. Found 2 JPA repository interfaces.
2026-08-18 18:05:17.524 [] INFO  o.s.boot.tomcat.TomcatWebServer - Tomcat initialized with port 8081 (http)
2026-08-18 18:05:17.526 [] INFO  o.a.catalina.core.StandardService - Starting service [Tomcat]
2026-08-18 18:05:17.526 [] INFO  o.a.catalina.core.StandardEngine - Starting Servlet engine: [Apache Tomcat/11.0.22]
2026-08-18 18:05:17.554 [] INFO  o.s.b.w.c.s.WebApplicationContextInitializer - Root WebApplicationContext: initialization completed in 391 ms
2026-08-18 18:05:17.590 [] DEBUG p.e.u.b.filter.CorrelationIdFilter - Filter 'correlationIdFilter' configured for use
2026-08-18 18:05:17.901 [] INFO  org.hibernate.orm.jpa - HHH008540: Processing PersistenceUnitInfo [name: default]
2026-08-18 18:05:17.926 [] INFO  o.s.o.j.p.SpringPersistenceUnitInfo - No LoadTimeWeaver setup: ignoring JPA class transformer
2026-08-18 18:05:17.927 [] INFO  com.zaxxer.hikari.HikariDataSource - HikariPool-9 - Starting...
2026-08-18 18:05:17.989 [] INFO  com.zaxxer.hikari.pool.HikariPool - HikariPool-9 - Added connection oracle.jdbc.driver.T4CConnection@12e7ce81
2026-08-18 18:05:17.989 [] INFO  com.zaxxer.hikari.HikariDataSource - HikariPool-9 - Start completed.
2026-08-18 18:05:17.999 [] WARN  org.hibernate.orm.jdbc - HHH100123: Low default JDBC fetch size: 10 (consider setting 'hibernate.jdbc.fetch_size')
2026-08-18 18:05:17.999 [] INFO  o.hibernate.orm.connections.pooling - HHH10001005: Database info:
	Database JDBC URL [jdbc:oracle:thin:@localhost:1521/FREEPDB1]
	Database driver: Oracle JDBC driver
	Database dialect: OracleDialect
	Database version: 23.26.2
	Default catalog/schema: undefined/BOMERP_APP
	Autocommit mode: undefined/unknown
	Isolation level: READ_COMMITTED [default READ_COMMITTED]
	JDBC fetch size: 10
	Pool: DataSourceConnectionProvider
	Minimum pool size: undefined/unknown
	Maximum pool size: undefined/unknown
2026-08-18 18:05:18.041 [] INFO  org.hibernate.orm.core - HHH000489: No JTA platform available (set 'hibernate.transaction.jta.platform' to enable JTA platform integration)
2026-08-18 18:05:18.137 [] INFO  o.s.o.j.LocalContainerEntityManagerFactoryBean - Initialized JPA EntityManagerFactory for persistence unit 'default'
2026-08-18 18:05:18.202 [] WARN  o.s.b.w.s.s.c.AnnotationConfigServletWebServerApplicationContext - Exception encountered during context initialization - cancelling refresh attempt: org.springframework.beans.factory.UnsatisfiedDependencyException: Error creating bean with name 'productoController' defined in file [E:\Cursos_Ciclo_4\Lenguaje de Programación II\bomERP\lp2\bomerp-backend\target\classes\pe\edu\upeu\bomerp\catalogo\producto\controller\ProductoController.class]: Unsatisfied dependency expressed through constructor parameter 0: Error creating bean with name 'productoServiceImpl' defined in file [E:\Cursos_Ciclo_4\Lenguaje de Programación II\bomERP\lp2\bomerp-backend\target\classes\pe\edu\upeu\bomerp\catalogo\producto\service\ProductoServiceImpl.class]: Unsatisfied dependency expressed through constructor parameter 1: No qualifying bean of type 'pe.edu.upeu.bomerp.catalogo.producto.mapper.ProductoMapper' available: expected at least 1 bean which qualifies as autowire candidate. Dependency annotations: {}
2026-08-18 18:05:18.203 [] INFO  o.s.o.j.LocalContainerEntityManagerFactoryBean - Closing JPA EntityManagerFactory for persistence unit 'default'
2026-08-18 18:05:18.203 [] INFO  com.zaxxer.hikari.HikariDataSource - HikariPool-9 - Shutdown initiated...
2026-08-18 18:05:18.296 [] INFO  com.zaxxer.hikari.HikariDataSource - HikariPool-9 - Shutdown completed.
2026-08-18 18:05:18.298 [] INFO  o.a.catalina.core.StandardService - Stopping service [Tomcat]
2026-08-18 18:05:18.301 [] INFO  o.s.b.a.l.ConditionEvaluationReportLogger - 

Error starting ApplicationContext. To display the condition evaluation report re-run your application with 'debug' enabled.
2026-08-18 18:05:18.305 [] ERROR o.s.b.d.LoggingFailureAnalysisReporter - 

***************************
APPLICATION FAILED TO START
***************************

Description:

Parameter 1 of constructor in pe.edu.upeu.bomerp.catalogo.producto.service.ProductoServiceImpl required a bean of type 'pe.edu.upeu.bomerp.catalogo.producto.mapper.ProductoMapper' that could not be found.


Action:

Consider defining a bean of type 'pe.edu.upeu.bomerp.catalogo.producto.mapper.ProductoMapper' in your configuration.

2026-08-18 18:05:45.007 [] INFO  p.e.u.b.BomerpBackendApplication - Starting BomerpBackendApplication using Java 21.0.12 with PID 34232 (E:\Cursos_Ciclo_4\Lenguaje de Programación II\bomERP\lp2\bomerp-backend\target\classes started by Paul in E:\Cursos_Ciclo_4\Lenguaje de Programación II\bomERP\lp2\bomerp-backend)
2026-08-18 18:05:45.008 [] DEBUG p.e.u.b.BomerpBackendApplication - Running with Spring Boot v4.0.7, Spring v7.0.8
2026-08-18 18:05:45.008 [] INFO  p.e.u.b.BomerpBackendApplication - The following 1 profile is active: "dev"
2026-08-18 18:05:45.460 [] INFO  o.s.d.r.c.RepositoryConfigurationDelegate - Bootstrapping Spring Data JPA repositories in DEFAULT mode.
2026-08-18 18:05:45.492 [] INFO  o.s.d.r.c.RepositoryConfigurationDelegate - Finished Spring Data repository scanning in 28 ms. Found 2 JPA repository interfaces.
2026-08-18 18:05:45.679 [] INFO  o.s.boot.tomcat.TomcatWebServer - Tomcat initialized with port 8081 (http)
2026-08-18 18:05:45.680 [] INFO  o.a.catalina.core.StandardService - Starting service [Tomcat]
2026-08-18 18:05:45.680 [] INFO  o.a.catalina.core.StandardEngine - Starting Servlet engine: [Apache Tomcat/11.0.22]
2026-08-18 18:05:45.713 [] INFO  o.s.b.w.c.s.WebApplicationContextInitializer - Root WebApplicationContext: initialization completed in 694 ms
2026-08-18 18:05:45.761 [] DEBUG p.e.u.b.filter.CorrelationIdFilter - Filter 'correlationIdFilter' configured for use
2026-08-18 18:05:46.142 [] INFO  org.hibernate.orm.jpa - HHH008540: Processing PersistenceUnitInfo [name: default]
2026-08-18 18:05:46.172 [] INFO  o.s.o.j.p.SpringPersistenceUnitInfo - No LoadTimeWeaver setup: ignoring JPA class transformer
2026-08-18 18:05:46.173 [] INFO  com.zaxxer.hikari.HikariDataSource - HikariPool-10 - Starting...
2026-08-18 18:05:46.241 [] INFO  com.zaxxer.hikari.pool.HikariPool - HikariPool-10 - Added connection oracle.jdbc.driver.T4CConnection@b9b6340
2026-08-18 18:05:46.241 [] INFO  com.zaxxer.hikari.HikariDataSource - HikariPool-10 - Start completed.
2026-08-18 18:05:46.253 [] WARN  org.hibernate.orm.jdbc - HHH100123: Low default JDBC fetch size: 10 (consider setting 'hibernate.jdbc.fetch_size')
2026-08-18 18:05:46.253 [] INFO  o.hibernate.orm.connections.pooling - HHH10001005: Database info:
	Database JDBC URL [jdbc:oracle:thin:@localhost:1521/FREEPDB1]
	Database driver: Oracle JDBC driver
	Database dialect: OracleDialect
	Database version: 23.26.2
	Default catalog/schema: undefined/BOMERP_APP
	Autocommit mode: undefined/unknown
	Isolation level: READ_COMMITTED [default READ_COMMITTED]
	JDBC fetch size: 10
	Pool: DataSourceConnectionProvider
	Minimum pool size: undefined/unknown
	Maximum pool size: undefined/unknown
2026-08-18 18:05:46.303 [] INFO  org.hibernate.orm.core - HHH000489: No JTA platform available (set 'hibernate.transaction.jta.platform' to enable JTA platform integration)
2026-08-18 18:05:46.401 [] INFO  o.s.o.j.LocalContainerEntityManagerFactoryBean - Initialized JPA EntityManagerFactory for persistence unit 'default'
2026-08-18 18:05:46.473 [] WARN  o.s.b.w.s.s.c.AnnotationConfigServletWebServerApplicationContext - Exception encountered during context initialization - cancelling refresh attempt: org.springframework.beans.factory.UnsatisfiedDependencyException: Error creating bean with name 'productoController' defined in file [E:\Cursos_Ciclo_4\Lenguaje de Programación II\bomERP\lp2\bomerp-backend\target\classes\pe\edu\upeu\bomerp\catalogo\producto\controller\ProductoController.class]: Unsatisfied dependency expressed through constructor parameter 0: Error creating bean with name 'productoServiceImpl' defined in file [E:\Cursos_Ciclo_4\Lenguaje de Programación II\bomERP\lp2\bomerp-backend\target\classes\pe\edu\upeu\bomerp\catalogo\producto\service\ProductoServiceImpl.class]: Unsatisfied dependency expressed through constructor parameter 1: No qualifying bean of type 'pe.edu.upeu.bomerp.catalogo.producto.mapper.ProductoMapper' available: expected at least 1 bean which qualifies as autowire candidate. Dependency annotations: {}
2026-08-18 18:05:46.473 [] INFO  o.s.o.j.LocalContainerEntityManagerFactoryBean - Closing JPA EntityManagerFactory for persistence unit 'default'
2026-08-18 18:05:46.474 [] INFO  com.zaxxer.hikari.HikariDataSource - HikariPool-10 - Shutdown initiated...
2026-08-18 18:05:46.554 [] INFO  com.zaxxer.hikari.HikariDataSource - HikariPool-10 - Shutdown completed.
2026-08-18 18:05:46.555 [] INFO  o.a.catalina.core.StandardService - Stopping service [Tomcat]
2026-08-18 18:05:46.558 [] INFO  o.s.b.a.l.ConditionEvaluationReportLogger - 

Error starting ApplicationContext. To display the condition evaluation report re-run your application with 'debug' enabled.
2026-08-18 18:05:46.562 [] ERROR o.s.b.d.LoggingFailureAnalysisReporter - 

***************************
APPLICATION FAILED TO START
***************************

Description:

Parameter 1 of constructor in pe.edu.upeu.bomerp.catalogo.producto.service.ProductoServiceImpl required a bean of type 'pe.edu.upeu.bomerp.catalogo.producto.mapper.ProductoMapper' that could not be found.


Action:

Consider defining a bean of type 'pe.edu.upeu.bomerp.catalogo.producto.mapper.ProductoMapper' in your configuration.

2026-08-18 18:06:25.630 [] INFO  p.e.u.b.BomerpBackendApplication - Starting BomerpBackendApplication using Java 21.0.12 with PID 34232 (E:\Cursos_Ciclo_4\Lenguaje de Programación II\bomERP\lp2\bomerp-backend\target\classes started by Paul in E:\Cursos_Ciclo_4\Lenguaje de Programación II\bomERP\lp2\bomerp-backend)
2026-08-18 18:06:25.630 [] DEBUG p.e.u.b.BomerpBackendApplication - Running with Spring Boot v4.0.7, Spring v7.0.8
2026-08-18 18:06:25.630 [] INFO  p.e.u.b.BomerpBackendApplication - The following 1 profile is active: "dev"
2026-08-18 18:06:25.823 [] INFO  o.s.d.r.c.RepositoryConfigurationDelegate - Bootstrapping Spring Data JPA repositories in DEFAULT mode.
2026-08-18 18:06:25.841 [] INFO  o.s.d.r.c.RepositoryConfigurationDelegate - Finished Spring Data repository scanning in 16 ms. Found 2 JPA repository interfaces.
2026-08-18 18:06:25.976 [] INFO  o.s.boot.tomcat.TomcatWebServer - Tomcat initialized with port 8081 (http)
2026-08-18 18:06:25.976 [] INFO  o.a.catalina.core.StandardService - Starting service [Tomcat]
2026-08-18 18:06:25.976 [] INFO  o.a.catalina.core.StandardEngine - Starting Servlet engine: [Apache Tomcat/11.0.22]
2026-08-18 18:06:26.011 [] INFO  o.s.b.w.c.s.WebApplicationContextInitializer - Root WebApplicationContext: initialization completed in 379 ms
2026-08-18 18:06:26.041 [] DEBUG p.e.u.b.filter.CorrelationIdFilter - Filter 'correlationIdFilter' configured for use
2026-08-18 18:06:26.362 [] INFO  org.hibernate.orm.jpa - HHH008540: Processing PersistenceUnitInfo [name: default]
2026-08-18 18:06:26.387 [] INFO  o.s.o.j.p.SpringPersistenceUnitInfo - No LoadTimeWeaver setup: ignoring JPA class transformer
2026-08-18 18:06:26.387 [] INFO  com.zaxxer.hikari.HikariDataSource - HikariPool-12 - Starting...
2026-08-18 18:06:26.447 [] INFO  com.zaxxer.hikari.pool.HikariPool - HikariPool-12 - Added connection oracle.jdbc.driver.T4CConnection@1117e0b2
2026-08-18 18:06:26.447 [] INFO  com.zaxxer.hikari.HikariDataSource - HikariPool-12 - Start completed.
2026-08-18 18:06:26.457 [] WARN  org.hibernate.orm.jdbc - HHH100123: Low default JDBC fetch size: 10 (consider setting 'hibernate.jdbc.fetch_size')
2026-08-18 18:06:26.458 [] INFO  o.hibernate.orm.connections.pooling - HHH10001005: Database info:
	Database JDBC URL [jdbc:oracle:thin:@localhost:1521/FREEPDB1]
	Database driver: Oracle JDBC driver
	Database dialect: OracleDialect
	Database version: 23.26.2
	Default catalog/schema: undefined/BOMERP_APP
	Autocommit mode: undefined/unknown
	Isolation level: READ_COMMITTED [default READ_COMMITTED]
	JDBC fetch size: 10
	Pool: DataSourceConnectionProvider
	Minimum pool size: undefined/unknown
	Maximum pool size: undefined/unknown
2026-08-18 18:06:26.507 [] INFO  org.hibernate.orm.core - HHH000489: No JTA platform available (set 'hibernate.transaction.jta.platform' to enable JTA platform integration)
2026-08-18 18:06:26.609 [] INFO  o.s.o.j.LocalContainerEntityManagerFactoryBean - Initialized JPA EntityManagerFactory for persistence unit 'default'
2026-08-18 18:06:26.853 [] INFO  o.s.b.d.a.OptionalLiveReloadServer - LiveReload server is running on port 35729
2026-08-18 18:06:26.878 [] INFO  o.s.b.a.e.web.EndpointLinksResolver - Exposing 3 endpoints beneath base path '/actuator'
2026-08-18 18:06:26.897 [] INFO  o.s.boot.tomcat.TomcatWebServer - Tomcat started on port 8081 (http) with context path '/'
2026-08-18 18:06:26.901 [] INFO  o.s.s.config.TaskSchedulerRouter - No TaskScheduler/ScheduledExecutorService bean found for scheduled processing
2026-08-18 18:06:26.902 [] INFO  p.e.u.b.BomerpBackendApplication - Started BomerpBackendApplication in 1.3 seconds (process running for 66166.15)
2026-08-18 18:06:26.903 [] WARN  o.s.c.events.SpringDocAppInitializer - SpringDoc /v3/api-docs endpoint is enabled by default. To disable it in production, set the property 'springdoc.api-docs.enabled=false'
2026-08-18 18:06:26.903 [] WARN  o.s.c.events.SpringDocAppInitializer - SpringDoc /swagger-ui.html endpoint is enabled by default. To disable it in production, set the property 'springdoc.swagger-ui.enabled=false'
2026-08-18 18:06:26.904 [] INFO  o.s.b.d.a.ConditionEvaluationDeltaLoggingListener - Condition evaluation unchanged
2026-08-18 18:06:48.175 [] INFO  p.e.u.b.BomerpBackendApplicationTests - Starting BomerpBackendApplicationTests using Java 21.0.12 with PID 31672 (started by Paul in E:\Cursos_Ciclo_4\Lenguaje de Programación II\bomERP\lp2\bomerp-backend)
2026-08-18 18:06:48.177 [] DEBUG p.e.u.b.BomerpBackendApplicationTests - Running with Spring Boot v4.0.7, Spring v7.0.8
2026-08-18 18:06:48.177 [] INFO  p.e.u.b.BomerpBackendApplicationTests - The following 1 profile is active: "dev"
2026-08-18 18:06:49.176 [] INFO  o.s.d.r.c.RepositoryConfigurationDelegate - Bootstrapping Spring Data JPA repositories in DEFAULT mode.
2026-08-18 18:06:49.236 [] INFO  o.s.d.r.c.RepositoryConfigurationDelegate - Finished Spring Data repository scanning in 49 ms. Found 2 JPA repository interfaces.
2026-08-18 18:06:49.685 [] INFO  c.tngtech.archunit.core.PluginLoader - Detected Java version 21.0.12
2026-08-18 18:06:51.067 [] INFO  org.hibernate.orm.jpa - HHH008540: Processing PersistenceUnitInfo [name: default]
2026-08-18 18:06:51.156 [] INFO  org.hibernate.orm.core - HHH000001: Hibernate ORM core version 7.2.19.Final
2026-08-18 18:06:51.723 [] INFO  o.s.o.j.p.SpringPersistenceUnitInfo - No LoadTimeWeaver setup: ignoring JPA class transformer
2026-08-18 18:06:51.759 [] INFO  com.zaxxer.hikari.HikariDataSource - HikariPool-1 - Starting...
2026-08-18 18:06:52.214 [] INFO  com.zaxxer.hikari.pool.HikariPool - HikariPool-1 - Added connection oracle.jdbc.driver.T4CConnection@6b6939e1
2026-08-18 18:06:52.215 [] INFO  com.zaxxer.hikari.HikariDataSource - HikariPool-1 - Start completed.
2026-08-18 18:06:52.462 [] WARN  org.hibernate.orm.jdbc - HHH100123: Low default JDBC fetch size: 10 (consider setting 'hibernate.jdbc.fetch_size')
2026-08-18 18:06:52.469 [] INFO  o.hibernate.orm.connections.pooling - HHH10001005: Database info:
	Database JDBC URL [jdbc:oracle:thin:@localhost:1521/FREEPDB1]
	Database driver: Oracle JDBC driver
	Database dialect: OracleDialect
	Database version: 23.26.2
	Default catalog/schema: undefined/BOMERP_APP
	Autocommit mode: undefined/unknown
	Isolation level: READ_COMMITTED [default READ_COMMITTED]
	JDBC fetch size: 10
	Pool: DataSourceConnectionProvider
	Minimum pool size: undefined/unknown
	Maximum pool size: undefined/unknown
2026-08-18 18:06:53.291 [] INFO  org.hibernate.orm.core - HHH000489: No JTA platform available (set 'hibernate.transaction.jta.platform' to enable JTA platform integration)
2026-08-18 18:06:53.469 [] INFO  o.s.o.j.LocalContainerEntityManagerFactoryBean - Initialized JPA EntityManagerFactory for persistence unit 'default'
2026-08-18 18:06:53.546 [] INFO  o.s.d.j.r.q.QueryEnhancerFactories - Hibernate is in classpath; If applicable, HQL parser will be used.
2026-08-18 18:06:54.594 [] INFO  o.s.b.a.e.web.EndpointLinksResolver - Exposing 3 endpoints beneath base path '/actuator'
2026-08-18 18:06:54.675 [] INFO  o.s.s.config.TaskSchedulerRouter - No TaskScheduler/ScheduledExecutorService bean found for scheduled processing
2026-08-18 18:06:54.682 [] INFO  p.e.u.b.BomerpBackendApplicationTests - Started BomerpBackendApplicationTests in 6.972 seconds (process running for 8.125)
2026-08-18 18:06:54.689 [] WARN  o.s.c.events.SpringDocAppInitializer - SpringDoc /v3/api-docs endpoint is enabled by default. To disable it in production, set the property 'springdoc.api-docs.enabled=false'
2026-08-18 18:06:54.689 [] WARN  o.s.c.events.SpringDocAppInitializer - SpringDoc /swagger-ui.html endpoint is enabled by default. To disable it in production, set the property 'springdoc.swagger-ui.enabled=false'
2026-08-18 18:06:55.093 [] INFO  o.s.t.c.s.AnnotationConfigContextLoaderUtils - Could not detect default configuration classes for test class [pe.edu.upeu.bomerp.catalogo.producto.controller.ProductoControllerTest]: ProductoControllerTest does not declare any static, non-private, non-final, nested classes annotated with @Configuration.
2026-08-18 18:06:55.129 [] INFO  o.s.b.t.c.SpringBootTestContextBootstrapper - Found @SpringBootConfiguration pe.edu.upeu.bomerp.BomerpBackendApplication for test class pe.edu.upeu.bomerp.catalogo.producto.controller.ProductoControllerTest
2026-08-18 18:06:55.130 [] INFO  o.s.t.c.s.AnnotationConfigContextLoaderUtils - Could not detect default configuration classes for test class [pe.edu.upeu.bomerp.catalogo.producto.controller.ProductoControllerTest]: ProductoControllerTest does not declare any static, non-private, non-final, nested classes annotated with @Configuration.
2026-08-18 18:06:55.137 [] INFO  o.s.b.t.c.SpringBootTestContextBootstrapper - Found @SpringBootConfiguration pe.edu.upeu.bomerp.BomerpBackendApplication for test class pe.edu.upeu.bomerp.catalogo.producto.controller.ProductoControllerTest
2026-08-18 18:06:55.144 [] INFO  o.s.b.d.r.RestartApplicationListener - Restart disabled due to context in which it is running
2026-08-18 18:06:55.179 [] INFO  p.e.u.b.c.p.c.ProductoControllerTest - Starting ProductoControllerTest using Java 21.0.12 with PID 31672 (started by Paul in E:\Cursos_Ciclo_4\Lenguaje de Programación II\bomERP\lp2\bomerp-backend)
2026-08-18 18:06:55.179 [] DEBUG p.e.u.b.c.p.c.ProductoControllerTest - Running with Spring Boot v4.0.7, Spring v7.0.8
2026-08-18 18:06:55.180 [] INFO  p.e.u.b.c.p.c.ProductoControllerTest - The following 1 profile is active: "dev"
2026-08-18 18:06:55.636 [] DEBUG p.e.u.b.filter.CorrelationIdFilter - Filter 'correlationIdFilter' configured for use
2026-08-18 18:06:55.638 [] INFO  o.s.b.t.m.w.SpringBootMockServletContext - Initializing Spring TestDispatcherServlet ''
2026-08-18 18:06:55.638 [] INFO  o.s.t.w.s.TestDispatcherServlet - Initializing Servlet ''
2026-08-18 18:06:55.640 [] INFO  o.s.t.w.s.TestDispatcherServlet - Completed initialization in 2 ms
2026-08-18 18:06:55.661 [] INFO  p.e.u.b.c.p.c.ProductoControllerTest - Started ProductoControllerTest in 0.518 seconds (process running for 9.104)
2026-08-18 18:06:56.546 [] INFO  o.s.o.j.LocalContainerEntityManagerFactoryBean - Closing JPA EntityManagerFactory for persistence unit 'default'
2026-08-18 18:06:56.549 [] INFO  com.zaxxer.hikari.HikariDataSource - HikariPool-1 - Shutdown initiated...
2026-08-18 18:06:56.579 [] INFO  com.zaxxer.hikari.HikariDataSource - HikariPool-1 - Shutdown completed.
2026-08-18 18:06:57.607 [] INFO  o.s.b.d.a.LocalDevToolsAutoConfiguration$RestartingClassPathChangeChangedEventListener - Restarting due to 1 class path change (1 addition, 0 deletions, 0 modifications)
2026-08-18 18:06:57.609 [] INFO  o.s.boot.tomcat.GracefulShutdown - Commencing graceful shutdown. Waiting for active requests to complete
2026-08-18 18:06:57.614 [] INFO  o.s.boot.tomcat.GracefulShutdown - Graceful shutdown complete
2026-08-18 18:06:57.616 [] INFO  o.s.o.j.LocalContainerEntityManagerFactoryBean - Closing JPA EntityManagerFactory for persistence unit 'default'
2026-08-18 18:06:57.616 [] INFO  com.zaxxer.hikari.HikariDataSource - HikariPool-12 - Shutdown initiated...
2026-08-18 18:06:57.639 [] INFO  com.zaxxer.hikari.HikariDataSource - HikariPool-12 - Shutdown completed.
2026-08-18 18:06:57.724 [] INFO  p.e.u.b.BomerpBackendApplication - Starting BomerpBackendApplication using Java 21.0.12 with PID 34232 (E:\Cursos_Ciclo_4\Lenguaje de Programación II\bomERP\lp2\bomerp-backend\target\classes started by Paul in E:\Cursos_Ciclo_4\Lenguaje de Programación II\bomERP\lp2\bomerp-backend)
2026-08-18 18:06:57.725 [] DEBUG p.e.u.b.BomerpBackendApplication - Running with Spring Boot v4.0.7, Spring v7.0.8
2026-08-18 18:06:57.725 [] INFO  p.e.u.b.BomerpBackendApplication - The following 1 profile is active: "dev"
2026-08-18 18:06:57.859 [] INFO  o.s.d.r.c.RepositoryConfigurationDelegate - Bootstrapping Spring Data JPA repositories in DEFAULT mode.
2026-08-18 18:06:57.872 [] INFO  o.s.d.r.c.RepositoryConfigurationDelegate - Finished Spring Data repository scanning in 11 ms. Found 2 JPA repository interfaces.
2026-08-18 18:06:57.951 [] INFO  o.s.boot.tomcat.TomcatWebServer - Tomcat initialized with port 8081 (http)
2026-08-18 18:06:57.952 [] INFO  o.a.catalina.core.StandardService - Starting service [Tomcat]
2026-08-18 18:06:57.952 [] INFO  o.a.catalina.core.StandardEngine - Starting Servlet engine: [Apache Tomcat/11.0.22]
2026-08-18 18:06:57.973 [] INFO  o.s.b.w.c.s.WebApplicationContextInitializer - Root WebApplicationContext: initialization completed in 246 ms
2026-08-18 18:06:58.000 [] DEBUG p.e.u.b.filter.CorrelationIdFilter - Filter 'correlationIdFilter' configured for use
2026-08-18 18:06:58.021 [] INFO  org.hibernate.orm.jpa - HHH008540: Processing PersistenceUnitInfo [name: default]
2026-08-18 18:06:58.034 [] INFO  o.s.o.j.p.SpringPersistenceUnitInfo - No LoadTimeWeaver setup: ignoring JPA class transformer
2026-08-18 18:06:58.035 [] INFO  com.zaxxer.hikari.HikariDataSource - HikariPool-13 - Starting...
2026-08-18 18:06:58.084 [] INFO  com.zaxxer.hikari.pool.HikariPool - HikariPool-13 - Added connection oracle.jdbc.driver.T4CConnection@2a27bb68
2026-08-18 18:06:58.084 [] INFO  com.zaxxer.hikari.HikariDataSource - HikariPool-13 - Start completed.
2026-08-18 18:06:58.095 [] WARN  org.hibernate.orm.jdbc - HHH100123: Low default JDBC fetch size: 10 (consider setting 'hibernate.jdbc.fetch_size')
2026-08-18 18:06:58.095 [] INFO  o.hibernate.orm.connections.pooling - HHH10001005: Database info:
	Database JDBC URL [jdbc:oracle:thin:@localhost:1521/FREEPDB1]
	Database driver: Oracle JDBC driver
	Database dialect: OracleDialect
	Database version: 23.26.2
	Default catalog/schema: undefined/BOMERP_APP
	Autocommit mode: undefined/unknown
	Isolation level: READ_COMMITTED [default READ_COMMITTED]
	JDBC fetch size: 10
	Pool: DataSourceConnectionProvider
	Minimum pool size: undefined/unknown
	Maximum pool size: undefined/unknown
2026-08-18 18:06:58.128 [] INFO  org.hibernate.orm.core - HHH000489: No JTA platform available (set 'hibernate.transaction.jta.platform' to enable JTA platform integration)
2026-08-18 18:06:58.220 [] INFO  o.s.o.j.LocalContainerEntityManagerFactoryBean - Initialized JPA EntityManagerFactory for persistence unit 'default'
2026-08-18 18:06:58.400 [] INFO  o.s.b.d.a.OptionalLiveReloadServer - LiveReload server is running on port 35729
2026-08-18 18:06:58.417 [] INFO  o.s.b.a.e.web.EndpointLinksResolver - Exposing 3 endpoints beneath base path '/actuator'
2026-08-18 18:06:58.431 [] INFO  o.s.boot.tomcat.TomcatWebServer - Tomcat started on port 8081 (http) with context path '/'
2026-08-18 18:06:58.433 [] INFO  o.s.s.config.TaskSchedulerRouter - No TaskScheduler/ScheduledExecutorService bean found for scheduled processing
2026-08-18 18:06:58.434 [] INFO  p.e.u.b.BomerpBackendApplication - Started BomerpBackendApplication in 0.728 seconds (process running for 66197.681)
2026-08-18 18:06:58.435 [] WARN  o.s.c.events.SpringDocAppInitializer - SpringDoc /v3/api-docs endpoint is enabled by default. To disable it in production, set the property 'springdoc.api-docs.enabled=false'
2026-08-18 18:06:58.435 [] WARN  o.s.c.events.SpringDocAppInitializer - SpringDoc /swagger-ui.html endpoint is enabled by default. To disable it in production, set the property 'springdoc.swagger-ui.enabled=false'
2026-08-18 18:06:58.436 [] INFO  o.s.b.d.a.ConditionEvaluationDeltaLoggingListener - Condition evaluation unchanged
2026-08-18 18:15:31.311 [] INFO  p.e.u.b.c.p.c.ProductoControllerTest - Starting ProductoControllerTest using Java 21.0.12 with PID 13452 (started by Paul in E:\Cursos_Ciclo_4\Lenguaje de Programación II\bomERP\lp2\bomerp-backend)
2026-08-18 18:15:31.311 [] DEBUG p.e.u.b.c.p.c.ProductoControllerTest - Running with Spring Boot v4.0.7, Spring v7.0.8
2026-08-18 18:15:31.312 [] INFO  p.e.u.b.c.p.c.ProductoControllerTest - The following 1 profile is active: "dev"
2026-08-18 18:15:33.274 [] DEBUG p.e.u.b.filter.CorrelationIdFilter - Filter 'correlationIdFilter' configured for use
2026-08-18 18:15:33.282 [] INFO  o.s.b.t.m.w.SpringBootMockServletContext - Initializing Spring TestDispatcherServlet ''
2026-08-18 18:15:33.282 [] INFO  o.s.t.w.s.TestDispatcherServlet - Initializing Servlet ''
2026-08-18 18:15:33.286 [] INFO  o.s.t.w.s.TestDispatcherServlet - Completed initialization in 2 ms
2026-08-18 18:15:33.325 [] INFO  p.e.u.b.c.p.c.ProductoControllerTest - Started ProductoControllerTest in 2.454 seconds (process running for 3.446)
2026-08-18 18:15:49.799 [] INFO  p.e.u.b.c.p.c.ProductoControllerTest - Starting ProductoControllerTest using Java 21.0.12 with PID 8336 (started by Paul in E:\Cursos_Ciclo_4\Lenguaje de Programación II\bomERP\lp2\bomerp-backend)
2026-08-18 18:15:49.800 [] DEBUG p.e.u.b.c.p.c.ProductoControllerTest - Running with Spring Boot v4.0.7, Spring v7.0.8
2026-08-18 18:15:49.801 [] INFO  p.e.u.b.c.p.c.ProductoControllerTest - The following 1 profile is active: "dev"
2026-08-18 18:15:51.851 [] DEBUG p.e.u.b.filter.CorrelationIdFilter - Filter 'correlationIdFilter' configured for use
2026-08-18 18:15:51.858 [] INFO  o.s.b.t.m.w.SpringBootMockServletContext - Initializing Spring TestDispatcherServlet ''
2026-08-18 18:15:51.858 [] INFO  o.s.t.w.s.TestDispatcherServlet - Initializing Servlet ''
2026-08-18 18:15:51.862 [] INFO  o.s.t.w.s.TestDispatcherServlet - Completed initialization in 3 ms
2026-08-18 18:15:51.904 [] INFO  p.e.u.b.c.p.c.ProductoControllerTest - Started ProductoControllerTest in 2.525 seconds (process running for 3.548)
2026-08-18 18:17:10.116 [] INFO  p.e.u.b.c.p.c.ProductoControllerTest - Starting ProductoControllerTest using Java 21.0.12 with PID 34936 (started by Paul in E:\Cursos_Ciclo_4\Lenguaje de Programación II\bomERP\lp2\bomerp-backend)
2026-08-18 18:17:10.118 [] DEBUG p.e.u.b.c.p.c.ProductoControllerTest - Running with Spring Boot v4.0.7, Spring v7.0.8
2026-08-18 18:17:10.119 [] INFO  p.e.u.b.c.p.c.ProductoControllerTest - The following 1 profile is active: "dev"
2026-08-18 18:17:12.022 [] DEBUG p.e.u.b.filter.CorrelationIdFilter - Filter 'correlationIdFilter' configured for use
2026-08-18 18:17:12.029 [] INFO  o.s.b.t.m.w.SpringBootMockServletContext - Initializing Spring TestDispatcherServlet ''
2026-08-18 18:17:12.030 [] INFO  o.s.t.w.s.TestDispatcherServlet - Initializing Servlet ''
2026-08-18 18:17:12.033 [] INFO  o.s.t.w.s.TestDispatcherServlet - Completed initialization in 2 ms
2026-08-18 18:17:12.074 [] INFO  p.e.u.b.c.p.c.ProductoControllerTest - Started ProductoControllerTest in 2.385 seconds (process running for 3.365)
2026-08-18 18:21:28.018 [] INFO  p.e.u.b.BomerpBackendApplicationTests - Starting BomerpBackendApplicationTests using Java 21.0.12 with PID 34980 (started by Paul in E:\Cursos_Ciclo_4\Lenguaje de Programación II\bomERP\lp2\bomerp-backend)
2026-08-18 18:21:28.018 [] DEBUG p.e.u.b.BomerpBackendApplicationTests - Running with Spring Boot v4.0.7, Spring v7.0.8
2026-08-18 18:21:28.019 [] INFO  p.e.u.b.BomerpBackendApplicationTests - The following 1 profile is active: "dev"
2026-08-18 18:21:28.850 [] INFO  o.s.d.r.c.RepositoryConfigurationDelegate - Bootstrapping Spring Data JPA repositories in DEFAULT mode.
2026-08-18 18:21:28.917 [] INFO  o.s.d.r.c.RepositoryConfigurationDelegate - Finished Spring Data repository scanning in 53 ms. Found 2 JPA repository interfaces.
2026-08-18 18:21:29.636 [] INFO  org.hibernate.orm.jpa - HHH008540: Processing PersistenceUnitInfo [name: default]
2026-08-18 18:21:29.719 [] INFO  org.hibernate.orm.core - HHH000001: Hibernate ORM core version 7.2.19.Final
2026-08-18 18:21:30.158 [] INFO  o.s.o.j.p.SpringPersistenceUnitInfo - No LoadTimeWeaver setup: ignoring JPA class transformer
2026-08-18 18:21:30.186 [] INFO  com.zaxxer.hikari.HikariDataSource - HikariPool-1 - Starting...
2026-08-18 18:21:30.559 [] INFO  com.zaxxer.hikari.pool.HikariPool - HikariPool-1 - Added connection oracle.jdbc.driver.T4CConnection@5b8599c7
2026-08-18 18:21:30.560 [] INFO  com.zaxxer.hikari.HikariDataSource - HikariPool-1 - Start completed.
2026-08-18 18:21:30.822 [] WARN  org.hibernate.orm.jdbc - HHH100123: Low default JDBC fetch size: 10 (consider setting 'hibernate.jdbc.fetch_size')
2026-08-18 18:21:30.832 [] INFO  o.hibernate.orm.connections.pooling - HHH10001005: Database info:
	Database JDBC URL [jdbc:oracle:thin:@localhost:1521/FREEPDB1]
	Database driver: Oracle JDBC driver
	Database dialect: OracleDialect
	Database version: 23.26.2
	Default catalog/schema: undefined/BOMERP_APP
	Autocommit mode: undefined/unknown
	Isolation level: READ_COMMITTED [default READ_COMMITTED]
	JDBC fetch size: 10
	Pool: DataSourceConnectionProvider
	Minimum pool size: undefined/unknown
	Maximum pool size: undefined/unknown
2026-08-18 18:21:31.561 [] INFO  org.hibernate.orm.core - HHH000489: No JTA platform available (set 'hibernate.transaction.jta.platform' to enable JTA platform integration)
2026-08-18 18:21:31.717 [] INFO  o.s.o.j.LocalContainerEntityManagerFactoryBean - Initialized JPA EntityManagerFactory for persistence unit 'default'
2026-08-18 18:21:31.794 [] INFO  o.s.d.j.r.q.QueryEnhancerFactories - Hibernate is in classpath; If applicable, HQL parser will be used.
2026-08-18 18:21:33.034 [] INFO  o.s.b.a.e.web.EndpointLinksResolver - Exposing 3 endpoints beneath base path '/actuator'
2026-08-18 18:21:33.110 [] INFO  o.s.s.config.TaskSchedulerRouter - No TaskScheduler/ScheduledExecutorService bean found for scheduled processing
2026-08-18 18:21:33.121 [] INFO  p.e.u.b.BomerpBackendApplicationTests - Started BomerpBackendApplicationTests in 5.498 seconds (process running for 6.553)
2026-08-18 18:21:33.129 [] WARN  o.s.c.events.SpringDocAppInitializer - SpringDoc /v3/api-docs endpoint is enabled by default. To disable it in production, set the property 'springdoc.api-docs.enabled=false'
2026-08-18 18:21:33.129 [] WARN  o.s.c.events.SpringDocAppInitializer - SpringDoc /swagger-ui.html endpoint is enabled by default. To disable it in production, set the property 'springdoc.swagger-ui.enabled=false'
2026-08-18 18:21:33.461 [] INFO  o.s.t.c.s.AnnotationConfigContextLoaderUtils - Could not detect default configuration classes for test class [pe.edu.upeu.bomerp.catalogo.producto.controller.ProductoControllerTest]: ProductoControllerTest does not declare any static, non-private, non-final, nested classes annotated with @Configuration.
2026-08-18 18:21:33.498 [] INFO  o.s.b.t.c.SpringBootTestContextBootstrapper - Found @SpringBootConfiguration pe.edu.upeu.bomerp.BomerpBackendApplication for test class pe.edu.upeu.bomerp.catalogo.producto.controller.ProductoControllerTest
2026-08-18 18:21:33.499 [] INFO  o.s.t.c.s.AnnotationConfigContextLoaderUtils - Could not detect default configuration classes for test class [pe.edu.upeu.bomerp.catalogo.producto.controller.ProductoControllerTest]: ProductoControllerTest does not declare any static, non-private, non-final, nested classes annotated with @Configuration.
2026-08-18 18:21:33.504 [] INFO  o.s.b.t.c.SpringBootTestContextBootstrapper - Found @SpringBootConfiguration pe.edu.upeu.bomerp.BomerpBackendApplication for test class pe.edu.upeu.bomerp.catalogo.producto.controller.ProductoControllerTest
2026-08-18 18:21:33.511 [] INFO  o.s.b.d.r.RestartApplicationListener - Restart disabled due to context in which it is running
2026-08-18 18:21:33.545 [] INFO  p.e.u.b.c.p.c.ProductoControllerTest - Starting ProductoControllerTest using Java 21.0.12 with PID 34980 (started by Paul in E:\Cursos_Ciclo_4\Lenguaje de Programación II\bomERP\lp2\bomerp-backend)
2026-08-18 18:21:33.546 [] DEBUG p.e.u.b.c.p.c.ProductoControllerTest - Running with Spring Boot v4.0.7, Spring v7.0.8
2026-08-18 18:21:33.546 [] INFO  p.e.u.b.c.p.c.ProductoControllerTest - The following 1 profile is active: "dev"
2026-08-18 18:21:34.057 [] DEBUG p.e.u.b.filter.CorrelationIdFilter - Filter 'correlationIdFilter' configured for use
2026-08-18 18:21:34.060 [] INFO  o.s.b.t.m.w.SpringBootMockServletContext - Initializing Spring TestDispatcherServlet ''
2026-08-18 18:21:34.060 [] INFO  o.s.t.w.s.TestDispatcherServlet - Initializing Servlet ''
2026-08-18 18:21:34.065 [] INFO  o.s.t.w.s.TestDispatcherServlet - Completed initialization in 3 ms
2026-08-18 18:21:34.088 [] INFO  p.e.u.b.c.p.c.ProductoControllerTest - Started ProductoControllerTest in 0.578 seconds (process running for 7.521)
2026-08-18 18:21:34.831 [] INFO  c.tngtech.archunit.core.PluginLoader - Detected Java version 21.0.12
2026-08-18 18:21:36.443 [] INFO  o.s.o.j.LocalContainerEntityManagerFactoryBean - Closing JPA EntityManagerFactory for persistence unit 'default'
2026-08-18 18:21:36.448 [] INFO  com.zaxxer.hikari.HikariDataSource - HikariPool-1 - Shutdown initiated...
2026-08-18 18:21:36.474 [] INFO  com.zaxxer.hikari.HikariDataSource - HikariPool-1 - Shutdown completed.
2026-08-18 18:21:37.843 [] INFO  o.s.b.d.a.LocalDevToolsAutoConfiguration$RestartingClassPathChangeChangedEventListener - Restarting due to 1 class path change (0 additions, 0 deletions, 1 modification)
2026-08-18 18:21:37.844 [] INFO  o.s.boot.tomcat.GracefulShutdown - Commencing graceful shutdown. Waiting for active requests to complete
2026-08-18 18:21:37.849 [] INFO  o.s.boot.tomcat.GracefulShutdown - Graceful shutdown complete
2026-08-18 18:21:37.851 [] INFO  o.s.o.j.LocalContainerEntityManagerFactoryBean - Closing JPA EntityManagerFactory for persistence unit 'default'
2026-08-18 18:21:37.851 [] INFO  com.zaxxer.hikari.HikariDataSource - HikariPool-13 - Shutdown initiated...
2026-08-18 18:21:37.882 [] INFO  com.zaxxer.hikari.HikariDataSource - HikariPool-13 - Shutdown completed.
2026-08-18 18:21:37.980 [] INFO  p.e.u.b.BomerpBackendApplication - Starting BomerpBackendApplication using Java 21.0.12 with PID 34232 (E:\Cursos_Ciclo_4\Lenguaje de Programación II\bomERP\lp2\bomerp-backend\target\classes started by Paul in E:\Cursos_Ciclo_4\Lenguaje de Programación II\bomERP\lp2\bomerp-backend)
2026-08-18 18:21:37.980 [] DEBUG p.e.u.b.BomerpBackendApplication - Running with Spring Boot v4.0.7, Spring v7.0.8
2026-08-18 18:21:37.980 [] INFO  p.e.u.b.BomerpBackendApplication - The following 1 profile is active: "dev"
2026-08-18 18:21:38.142 [] INFO  o.s.d.r.c.RepositoryConfigurationDelegate - Bootstrapping Spring Data JPA repositories in DEFAULT mode.
2026-08-18 18:21:38.155 [] INFO  o.s.d.r.c.RepositoryConfigurationDelegate - Finished Spring Data repository scanning in 12 ms. Found 2 JPA repository interfaces.
2026-08-18 18:21:38.320 [] INFO  o.s.boot.tomcat.TomcatWebServer - Tomcat initialized with port 8081 (http)
2026-08-18 18:21:38.322 [] INFO  o.a.catalina.core.StandardService - Starting service [Tomcat]
2026-08-18 18:21:38.322 [] INFO  o.a.catalina.core.StandardEngine - Starting Servlet engine: [Apache Tomcat/11.0.22]
2026-08-18 18:21:38.353 [] INFO  o.s.b.w.c.s.WebApplicationContextInitializer - Root WebApplicationContext: initialization completed in 370 ms
2026-08-18 18:21:38.401 [] DEBUG p.e.u.b.filter.CorrelationIdFilter - Filter 'correlationIdFilter' configured for use
2026-08-18 18:21:38.436 [] INFO  org.hibernate.orm.jpa - HHH008540: Processing PersistenceUnitInfo [name: default]
2026-08-18 18:21:38.454 [] INFO  o.s.o.j.p.SpringPersistenceUnitInfo - No LoadTimeWeaver setup: ignoring JPA class transformer
2026-08-18 18:21:38.455 [] INFO  com.zaxxer.hikari.HikariDataSource - HikariPool-14 - Starting...
2026-08-18 18:21:38.513 [] INFO  com.zaxxer.hikari.pool.HikariPool - HikariPool-14 - Added connection oracle.jdbc.driver.T4CConnection@78422fb6
2026-08-18 18:21:38.513 [] INFO  com.zaxxer.hikari.HikariDataSource - HikariPool-14 - Start completed.
2026-08-18 18:21:38.523 [] WARN  org.hibernate.orm.jdbc - HHH100123: Low default JDBC fetch size: 10 (consider setting 'hibernate.jdbc.fetch_size')
2026-08-18 18:21:38.524 [] INFO  o.hibernate.orm.connections.pooling - HHH10001005: Database info:
	Database JDBC URL [jdbc:oracle:thin:@localhost:1521/FREEPDB1]
	Database driver: Oracle JDBC driver
	Database dialect: OracleDialect
	Database version: 23.26.2
	Default catalog/schema: undefined/BOMERP_APP
	Autocommit mode: undefined/unknown
	Isolation level: READ_COMMITTED [default READ_COMMITTED]
	JDBC fetch size: 10
	Pool: DataSourceConnectionProvider
	Minimum pool size: undefined/unknown
	Maximum pool size: undefined/unknown
2026-08-18 18:21:38.557 [] INFO  org.hibernate.orm.core - HHH000489: No JTA platform available (set 'hibernate.transaction.jta.platform' to enable JTA platform integration)
2026-08-18 18:21:38.645 [] INFO  o.s.o.j.LocalContainerEntityManagerFactoryBean - Initialized JPA EntityManagerFactory for persistence unit 'default'
2026-08-18 18:21:38.906 [] INFO  o.s.b.d.a.OptionalLiveReloadServer - LiveReload server is running on port 35729
2026-08-18 18:21:38.936 [] INFO  o.s.b.a.e.web.EndpointLinksResolver - Exposing 3 endpoints beneath base path '/actuator'
2026-08-18 18:21:38.952 [] INFO  o.s.boot.tomcat.TomcatWebServer - Tomcat started on port 8081 (http) with context path '/'
2026-08-18 18:21:38.954 [] INFO  o.s.s.config.TaskSchedulerRouter - No TaskScheduler/ScheduledExecutorService bean found for scheduled processing
2026-08-18 18:21:38.956 [] INFO  p.e.u.b.BomerpBackendApplication - Started BomerpBackendApplication in 1.001 seconds (process running for 67078.203)
2026-08-18 18:21:38.957 [] WARN  o.s.c.events.SpringDocAppInitializer - SpringDoc /v3/api-docs endpoint is enabled by default. To disable it in production, set the property 'springdoc.api-docs.enabled=false'
2026-08-18 18:21:38.957 [] WARN  o.s.c.events.SpringDocAppInitializer - SpringDoc /swagger-ui.html endpoint is enabled by default. To disable it in production, set the property 'springdoc.swagger-ui.enabled=false'
2026-08-18 18:21:38.958 [] INFO  o.s.b.d.a.ConditionEvaluationDeltaLoggingListener - Condition evaluation unchanged
2026-08-18 18:36:02.846 [] WARN  com.zaxxer.hikari.pool.PoolBase - HikariPool-14 - Failed to validate connection oracle.jdbc.driver.T4CConnection@7521924a (ORA-17008: Conexión cerrada
https://docs.oracle.com/error-help/db/ora-17008/). Possibly consider using a shorter maxLifetime value.
2026-08-18 18:36:02.848 [] WARN  com.zaxxer.hikari.pool.HikariPool - HikariPool-14 - Thread starvation or clock leap detected (housekeeper delta=3m24s62ms600µs600ns).
2026-08-18 19:44:13.559 [] WARN  com.zaxxer.hikari.pool.HikariPool - HikariPool-14 - Thread starvation or clock leap detected (housekeeper delta=1h8m10s711ms264µs500ns).
2026-08-18 19:52:00.389 [] WARN  com.zaxxer.hikari.pool.HikariPool - HikariPool-14 - Thread starvation or clock leap detected (housekeeper delta=5m16s787ms232µs700ns).
2026-08-18 19:59:40.252 [] WARN  com.zaxxer.hikari.pool.HikariPool - HikariPool-14 - Thread starvation or clock leap detected (housekeeper delta=7m39s862ms825µs200ns).
2026-08-18 20:01:25.066 [] WARN  com.zaxxer.hikari.pool.HikariPool - HikariPool-14 - Thread starvation or clock leap detected (housekeeper delta=1m44s813ms457µs500ns).
